{"perplexity": 39.04744781574482, "total_params": 18976928, "iters": [0, 50, 100, 150, 200, 250, 300, 350, 400, 450, 500, 550, 600, 650, 700, 750, 800, 850, 900, 950], "training_loss": [10.122315406799316, 3.865692138671875, 3.591449499130249, 3.5217795372009277, 3.484241247177124, 3.454960346221924, 3.440624713897705, 3.423097848892212, 3.4240241050720215, 3.412787675857544, 3.416851282119751, 3.4020676612854004, 3.4058289527893066, 3.3941943645477295, 3.39534854888916, 3.396392822265625, 3.3994786739349365, 3.3876960277557373, 3.386073112487793, 3.3867757320404053], "validation_loss": [10.122448921203613, 3.932591438293457, 3.7174947261810303, 3.6843268871307373, 3.680417060852051, 3.6752915382385254, 3.673496723175049, 3.674766778945923, 3.6771676540374756, 3.682600736618042, 3.688633441925049, 3.678818464279175, 3.6812987327575684, 3.679596185684204, 3.6790173053741455, 3.671934127807617, 3.6697473526000977, 3.6647775173187256, 3.671527624130249, 3.6733007431030273], "avg_time_per_iter": 0.002932988166809082}