{"perplexity": 110.25795324707032, "iters": [0, 50, 100, 150, 200, 250, 300, 350, 400, 450], "training_loss": [7.550143718719482, 4.709563255310059, 4.665217876434326, 4.658440113067627, 4.656494140625, 4.655845642089844, 4.652360916137695, 4.650704860687256, 4.650734901428223, 4.651293754577637], "validation_loss": [7.5516276359558105, 4.729471206665039, 4.6951093673706055, 4.694398403167725, 4.6945672035217285, 4.695622444152832, 4.697277545928955, 4.698998928070068, 4.699844837188721, 4.69857120513916], "avg_time_per_iter": 3.8414435148239137, "total_params": 53900508}