{"perplexity": 62.00362856292725, "iters": [0, 100, 200, 300, 400, 500, 600, 700, 800, 900, 1000, 1100, 1200, 1300, 1400, 1500, 1600, 1700, 1800, 1900], "training_loss": [7.505629539489746, 5.703813552856445, 5.539517402648926, 5.382308483123779, 5.106696605682373, 4.919849872589111, 4.795011520385742, 4.678891181945801, 4.5881805419921875, 4.503951549530029, 4.43029260635376, 4.3750457763671875, 4.318225383758545, 4.256500720977783, 4.2236433029174805, 4.181509017944336, 4.143293380737305, 4.120602607727051, 4.078643798828125, 4.054185390472412], "validation_loss": [7.498641014099121, 5.7491655349731445, 5.579084873199463, 5.411696910858154, 5.13555908203125, 4.944666385650635, 4.820595741271973, 4.709614276885986, 4.6327667236328125, 4.548084735870361, 4.481914043426514, 4.423377990722656, 4.352962493896484, 4.304808616638184, 4.26743221282959, 4.221142292022705, 4.198379993438721, 4.179131507873535, 4.138199329376221, 4.118380546569824]}