{"perplexity": 40.574538349428614, "iters": [0, 50, 100, 150, 200, 250, 300, 350, 400, 450, 500, 550, 600, 650, 700, 750, 800, 850, 900, 950], "training_loss": [7.427452087402344, 4.3367600440979, 4.021842002868652, 3.8980398178100586, 3.8361196517944336, 3.781106472015381, 3.7286581993103027, 3.6973750591278076, 3.6578731536865234, 3.629955291748047, 3.606896162033081, 3.5789709091186523, 3.5660886764526367, 3.5540997982025146, 3.5427932739257812, 3.530073881149292, 3.525692939758301, 3.5238265991210938, 3.5200419425964355, 3.5186259746551514], "validation_loss": [7.430678367614746, 4.374273300170898, 4.081221103668213, 3.9767062664031982, 3.920478105545044, 3.880866765975952, 3.8515007495880127, 3.8255491256713867, 3.8104164600372314, 3.782944917678833, 3.767885684967041, 3.7520053386688232, 3.7418782711029053, 3.7283072471618652, 3.7211556434631348, 3.719341516494751, 3.712460517883301, 3.709836483001709, 3.708200216293335, 3.7031407356262207], "avg_time_per_iter": 0.008005113130362878, "total_params": 3550812}