{"perplexity": 39.87149088452285, "iters": [0, 50, 100, 150, 200, 250, 300, 350, 400, 450, 500, 550, 600, 650, 700, 750, 800, 850], "training_loss": [7.5982136726379395, 4.310912132263184, 4.00257682800293, 3.887698173522949, 3.810671329498291, 3.7562155723571777, 3.711594343185425, 3.670362710952759, 3.644256591796875, 3.61677622795105, 3.592763900756836, 3.5637853145599365, 3.5453803539276123, 3.5309433937072754, 3.5265214443206787, 3.5150225162506104, 3.503711223602295, 3.5058114528656006], "validation_loss": [7.59144401550293, 4.336382865905762, 4.048183441162109, 3.946580410003662, 3.893988609313965, 3.8509533405303955, 3.8293848037719727, 3.806168556213379, 3.7883431911468506, 3.770145893096924, 3.7411372661590576, 3.7325520515441895, 3.71830415725708, 3.706831932067871, 3.69863224029541, 3.6919171810150146, 3.6891391277313232, 3.685661554336548], "avg_time_per_iter": 0.007495375553673499, "total_params": 5031324}