{"perplexity": 55.87314015197754, "iters": [0, 100, 200, 300, 400, 500, 600, 700, 800, 900, 1000, 1100, 1200, 1300, 1400, 1500, 1600, 1700, 1800, 1900], "training_loss": [7.597942352294922, 5.653253078460693, 5.488455772399902, 5.317709922790527, 4.969803810119629, 4.804625988006592, 4.693986415863037, 4.5976691246032715, 4.4937028884887695, 4.419325351715088, 4.3496198654174805, 4.28012752532959, 4.2204203605651855, 4.181619167327881, 4.135641574859619, 4.094531536102295, 4.064518928527832, 4.020481109619141, 3.9960813522338867, 3.9712109565734863], "validation_loss": [7.596698760986328, 5.697457790374756, 5.5190510749816895, 5.355744361877441, 4.996404647827148, 4.837853908538818, 4.723505020141602, 4.607276439666748, 4.524974346160889, 4.44899845123291, 4.381330966949463, 4.305225372314453, 4.256587982177734, 4.210484504699707, 4.166821479797363, 4.139228343963623, 4.105729579925537, 4.073468208312988, 4.0502471923828125, 4.021148204803467]}