{"perplexity": 38.028475256740826, "total_params": 13646624, "iters": [0, 50, 100, 150, 200, 250, 300, 350, 400, 450, 500, 550, 600, 650, 700, 750, 800, 850, 900, 950], "training_loss": [10.043537139892578, 4.997332572937012, 3.968701124191284, 3.6808483600616455, 3.5697011947631836, 3.5263757705688477, 3.4948432445526123, 3.464557409286499, 3.446828603744507, 3.4336249828338623, 3.4208984375, 3.4246463775634766, 3.414182186126709, 3.412630319595337, 3.4096341133117676, 3.406918525695801, 3.4009313583374023, 3.400681257247925, 3.4062256813049316, 3.400692939758301], "validation_loss": [10.051769256591797, 5.0782341957092285, 4.052366256713867, 3.8014090061187744, 3.7057299613952637, 3.674240827560425, 3.662909507751465, 3.6594152450561523, 3.6443698406219482, 3.6395862102508545, 3.643782615661621, 3.6427292823791504, 3.631483554840088, 3.629939556121826, 3.646864891052246, 3.6383352279663086, 3.629396438598633, 3.64167857170105, 3.6370935440063477, 3.640964984893799], "avg_time_per_iter": 0.006799877405166626}