{"perplexity": 61.11876518249512, "iters": [0, 100, 200, 300, 400, 500, 600, 700, 800, 900, 1000, 1100, 1200, 1300, 1400, 1500, 1600, 1700, 1800, 1900], "training_loss": [7.537508010864258, 5.606006622314453, 5.380089282989502, 5.077173233032227, 4.929808139801025, 4.808828830718994, 4.713404655456543, 4.624783515930176, 4.539661407470703, 4.465185642242432, 4.39558219909668, 4.337160587310791, 4.288937091827393, 4.24512243270874, 4.190850734710693, 4.158874034881592, 4.130079746246338, 4.097860336303711, 4.0745978355407715, 4.040693759918213], "validation_loss": [7.53619384765625, 5.650769233703613, 5.41748046875, 5.1130595207214355, 4.956799030303955, 4.838840007781982, 4.7465996742248535, 4.662564277648926, 4.5675578117370605, 4.51294469833374, 4.443090915679932, 4.375428199768066, 4.33103084564209, 4.287708282470703, 4.228350639343262, 4.210573196411133, 4.175915241241455, 4.146204471588135, 4.119650363922119, 4.106664180755615]}