{"perplexity": 38.934081678925956, "total_params": 10685600, "iters": [0, 50, 100, 150, 200, 250, 300, 350, 400, 450, 500, 550, 600, 650, 700, 750, 800, 850, 900, 950], "training_loss": [10.033247947692871, 4.812390327453613, 3.9014949798583984, 3.6480367183685303, 3.5592947006225586, 3.5149800777435303, 3.4957175254821777, 3.4703032970428467, 3.4536633491516113, 3.4510912895202637, 3.435267686843872, 3.4237289428710938, 3.4204747676849365, 3.418170213699341, 3.4196982383728027, 3.419726610183716, 3.4122235774993896, 3.4083242416381836, 3.4148168563842773, 3.412358045578003], "validation_loss": [10.043445587158203, 4.891638278961182, 3.9832916259765625, 3.763178825378418, 3.691110134124756, 3.6842989921569824, 3.6813671588897705, 3.669233798980713, 3.660595178604126, 3.661870002746582, 3.654191493988037, 3.6545214653015137, 3.6510226726531982, 3.6566336154937744, 3.659360647201538, 3.663573980331421, 3.6559717655181885, 3.658975124359131, 3.664170503616333, 3.664064407348633], "avg_time_per_iter": 0.004713754415512085}