{"perplexity": 88.68495819091797, "iters": [0, 100, 200, 300, 400, 500, 600, 700, 800, 900, 1000, 1100, 1200, 1300, 1400, 1500, 1600, 1700, 1800, 1900], "training_loss": [7.518759727478027, 6.187185764312744, 6.06608247756958, 5.916945934295654, 5.75721549987793, 5.597141742706299, 5.477634429931641, 5.370214939117432, 5.266047954559326, 5.160897254943848, 5.075085163116455, 4.979581356048584, 4.895512104034424, 4.8209309577941895, 4.748008728027344, 4.682376384735107, 4.616981029510498, 4.566220760345459, 4.511191368103027, 4.467479705810547], "validation_loss": [7.522677898406982, 6.208446979522705, 6.0855712890625, 5.924217700958252, 5.772867202758789, 5.606368541717529, 5.4917802810668945, 5.391570568084717, 5.286087512969971, 5.186811923980713, 5.091907978057861, 5.002279281616211, 4.924615859985352, 4.837273120880127, 4.777806282043457, 4.705669403076172, 4.6477251052856445, 4.595395565032959, 4.550567150115967, 4.506392002105713]}