{"perplexity": 39.08721088838007, "total_params": 22524704, "iters": [0, 50, 100, 150, 200, 250, 300, 350, 400, 450, 500, 550, 600, 650, 700, 750, 800, 850, 900, 950], "training_loss": [10.013405799865723, 3.871253252029419, 3.577223300933838, 3.4976885318756104, 3.4678051471710205, 3.443897008895874, 3.4404406547546387, 3.418454647064209, 3.4148035049438477, 3.4096381664276123, 3.4017174243927, 3.3994579315185547, 3.386007308959961, 3.3913683891296387, 3.380148410797119, 3.3809757232666016, 3.3805532455444336, 3.381197452545166, 3.376063823699951, 3.383272647857666], "validation_loss": [10.017254829406738, 3.9620070457458496, 3.7134673595428467, 3.672161340713501, 3.680948257446289, 3.669881820678711, 3.6760220527648926, 3.6667795181274414, 3.673116445541382, 3.673084020614624, 3.68088436126709, 3.678239107131958, 3.665647029876709, 3.6676318645477295, 3.673553705215454, 3.6711266040802, 3.668684959411621, 3.6698546409606934, 3.6742753982543945, 3.66579532623291], "avg_time_per_iter": 0.004212771654129028}