{"perplexity": 38.86160563516881, "total_params": 26072480, "iters": [0, 50, 100, 150, 200, 250, 300, 350, 400, 450, 500, 550, 600, 650, 700, 750, 800, 850, 900, 950], "training_loss": [10.117147445678711, 3.893672466278076, 3.569962739944458, 3.503657579421997, 3.463202714920044, 3.4432053565979004, 3.4319934844970703, 3.4155445098876953, 3.409761905670166, 3.396219253540039, 3.398022413253784, 3.3965423107147217, 3.3940494060516357, 3.3806750774383545, 3.3773486614227295, 3.3817410469055176, 3.3714585304260254, 3.383906602859497, 3.370859384536743, 3.3765366077423096], "validation_loss": [10.115242958068848, 3.9810922145843506, 3.7179558277130127, 3.661937952041626, 3.669957160949707, 3.6757569313049316, 3.6608245372772217, 3.665342330932617, 3.6646645069122314, 3.665982246398926, 3.662876844406128, 3.6717658042907715, 3.659207820892334, 3.6600210666656494, 3.670797109603882, 3.664907455444336, 3.664823532104492, 3.65803861618042, 3.6600067615509033, 3.666821241378784], "avg_time_per_iter": 0.005842873334884644}