{"perplexity": 38.513629138078905, "total_params": 29620256, "iters": [0, 50, 100, 150, 200, 250, 300, 350, 400, 450, 500, 550, 600, 650, 700, 750, 800, 850, 900, 950], "training_loss": [10.045681953430176, 3.941469669342041, 3.5830941200256348, 3.4999256134033203, 3.4637041091918945, 3.441173791885376, 3.4260053634643555, 3.422581434249878, 3.412156105041504, 3.3986127376556396, 3.3956780433654785, 3.3916985988616943, 3.3824398517608643, 3.3822221755981445, 3.37937593460083, 3.3850107192993164, 3.3843390941619873, 3.371769666671753, 3.374966621398926, 3.3693268299102783], "validation_loss": [10.037056922912598, 4.01279354095459, 3.708742618560791, 3.659478187561035, 3.6666476726531982, 3.664327383041382, 3.665038824081421, 3.6551733016967773, 3.6611413955688477, 3.6472327709198, 3.667710065841675, 3.6633918285369873, 3.661034345626831, 3.661707878112793, 3.663402795791626, 3.6510121822357178, 3.655822992324829, 3.664484977722168, 3.6596381664276123, 3.6607282161712646], "avg_time_per_iter": 0.006643412351608277}