{"perplexity": 188.34027151489258, "iters": [0, 100, 200, 300, 400, 500, 600, 700, 800, 900, 1000, 1100, 1200, 1300, 1400, 1500, 1600, 1700, 1800, 1900], "training_loss": [7.446972370147705, 6.499302387237549, 6.426433563232422, 6.339439392089844, 6.243500232696533, 6.159524917602539, 6.086634159088135, 6.019854545593262, 5.9502716064453125, 5.886358737945557, 5.823999404907227, 5.755226135253906, 5.690242290496826, 5.6269989013671875, 5.565059185028076, 5.503213405609131, 5.4401631355285645, 5.3733415603637695, 5.318130970001221, 5.258324146270752], "validation_loss": [7.453891277313232, 6.517712116241455, 6.445310592651367, 6.359658241271973, 6.2610297203063965, 6.170155048370361, 6.10614538192749, 6.035346508026123, 5.970160484313965, 5.904705047607422, 5.836462497711182, 5.774150371551514, 5.709827899932861, 5.642416954040527, 5.580911636352539, 5.520995616912842, 5.460465431213379, 5.398857593536377, 5.339288234710693, 5.278128623962402]}