{"perplexity": 202.79811022949218, "iters": [0, 100, 200, 300, 400, 500, 600, 700, 800, 900, 1000, 1100, 1200, 1300, 1400, 1500, 1600, 1700, 1800, 1900], "training_loss": [7.672582149505615, 6.558322429656982, 6.491682529449463, 6.42675256729126, 6.3636298179626465, 6.2454705238342285, 6.169025421142578, 6.084953308105469, 6.0245585441589355, 5.953423023223877, 5.893975257873535, 5.824913024902344, 5.760990142822266, 5.690304279327393, 5.631875514984131, 5.573938846588135, 5.509188652038574, 5.44635534286499, 5.388657093048096, 5.334548473358154], "validation_loss": [7.673946380615234, 6.576716899871826, 6.516452789306641, 6.451540946960449, 6.388793468475342, 6.266435623168945, 6.190401554107666, 6.103916168212891, 6.038753509521484, 5.97637414932251, 5.915072441101074, 5.847756862640381, 5.785968780517578, 5.71827507019043, 5.653515815734863, 5.596783638000488, 5.533843517303467, 5.4718170166015625, 5.414786338806152, 5.357392311096191]}