{"perplexity": 198.89654336547852, "iters": [0, 100, 200, 300, 400, 500, 600, 700, 800, 900, 1000, 1100, 1200, 1300, 1400, 1500, 1600, 1700, 1800, 1900], "training_loss": [7.592393398284912, 6.48472261428833, 6.427125930786133, 6.368448734283447, 6.301344871520996, 6.240623474121094, 6.178792953491211, 6.104253768920898, 6.017204761505127, 5.91709566116333, 5.845721244812012, 5.784320831298828, 5.72443962097168, 5.660322189331055, 5.593059062957764, 5.5420942306518555, 5.4797563552856445, 5.4257893562316895, 5.362914562225342, 5.306704998016357], "validation_loss": [7.590457916259766, 6.509701251983643, 6.4437947273254395, 6.389995098114014, 6.329305648803711, 6.259937763214111, 6.202394485473633, 6.131784439086914, 6.040841579437256, 5.927964687347412, 5.862682819366455, 5.799090385437012, 5.741347789764404, 5.67793607711792, 5.614997386932373, 5.552597999572754, 5.499670028686523, 5.442540168762207, 5.379748344421387, 5.327891826629639]}