{"perplexity": 40.4888230855906, "total_params": 19568672, "iters": [0, 50, 100, 150, 200, 250, 300, 350, 400, 450, 500, 550, 600, 650, 700, 750, 800, 850, 900, 950], "training_loss": [10.190704345703125, 5.0692362785339355, 4.530538558959961, 4.495677947998047, 4.488185405731201, 4.072246551513672, 3.7660586833953857, 3.657383918762207, 3.601364850997925, 3.5701987743377686, 3.554999589920044, 3.5421676635742188, 3.5433549880981445, 3.535867929458618, 3.530578851699829, 3.526841402053833, 3.5106804370880127, 3.5122580528259277, 3.5057878494262695, 3.5013906955718994], "validation_loss": [10.182689666748047, 5.1258544921875, 4.608490467071533, 4.596398830413818, 4.599899768829346, 4.183681488037109, 3.87608003616333, 3.788600206375122, 3.7525928020477295, 3.72349214553833, 3.71165132522583, 3.716783046722412, 3.7158586978912354, 3.7100746631622314, 3.7003965377807617, 3.70102596282959, 3.6941678524017334, 3.6964006423950195, 3.687774658203125, 3.694035053253174], "avg_time_per_iter": 0.011862123727798463}