{"perplexity": 99.56676547241211, "iters": [0, 100, 200, 300, 400, 500, 600, 700, 800, 900, 1000, 1100, 1200, 1300, 1400, 1500, 1600, 1700, 1800, 1900], "training_loss": [7.659726142883301, 6.21218729019165, 6.1085686683654785, 6.006908416748047, 5.896145820617676, 5.728946685791016, 5.5419487953186035, 5.43156623840332, 5.339062213897705, 5.243492603302002, 5.157688617706299, 5.070952892303467, 4.997435569763184, 4.910760879516602, 4.854008197784424, 4.796153545379639, 4.727346897125244, 4.670441627502441, 4.627129077911377, 4.593911170959473], "validation_loss": [7.663531303405762, 6.242677211761475, 6.128984451293945, 6.0294294357299805, 5.922591686248779, 5.759888172149658, 5.5629987716674805, 5.464720249176025, 5.364005088806152, 5.2685675621032715, 5.1757683753967285, 5.099790573120117, 5.028491973876953, 4.953091621398926, 4.887526988983154, 4.82293176651001, 4.761760711669922, 4.708894729614258, 4.676818370819092, 4.624441623687744]}