{"perplexity": 39.88463999436397, "iters": [0, 50, 100, 150, 200, 250, 300, 350, 400, 450, 500, 550, 600, 650, 700, 750], "training_loss": [7.495944976806641, 4.297147750854492, 3.993405342102051, 3.8824551105499268, 3.8102166652679443, 3.7488505840301514, 3.698427200317383, 3.6572065353393555, 3.6241753101348877, 3.5937440395355225, 3.567729949951172, 3.545635938644409, 3.528738498687744, 3.512922763824463, 3.502392053604126, 3.4959874153137207], "validation_loss": [7.49860954284668, 4.324422359466553, 4.060166835784912, 3.956491470336914, 3.8951005935668945, 3.8512301445007324, 3.8222339153289795, 3.7980453968048096, 3.772688388824463, 3.757148265838623, 3.73392915725708, 3.722289562225342, 3.7062292098999023, 3.7017271518707275, 3.690371513366699, 3.6859912872314453], "avg_time_per_iter": 0.004444816617292666, "total_params": 3563100}