{"perplexity": 37.09733667746281, "iters": [0, 50, 100, 150, 200, 250, 300, 350, 400, 450, 500, 550, 600, 650, 700, 750, 800, 850, 900, 950], "training_loss": [7.509812831878662, 4.0775957107543945, 3.8886313438415527, 3.8102667331695557, 3.7402307987213135, 3.6799564361572266, 3.624030351638794, 3.5783634185791016, 3.532224416732788, 3.500960350036621, 3.4638028144836426, 3.4471328258514404, 3.42000675201416, 3.409656286239624, 3.40010666847229, 3.3946533203125, 3.3774139881134033, 3.373345136642456, 3.370582342147827, 3.3748226165771484], "validation_loss": [7.5094685554504395, 4.125240325927734, 3.9710099697113037, 3.905297040939331, 3.8536477088928223, 3.818871259689331, 3.78910756111145, 3.7590701580047607, 3.72737979888916, 3.703022003173828, 3.674095869064331, 3.667410135269165, 3.6386330127716064, 3.6360511779785156, 3.624274969100952, 3.6217591762542725, 3.618107318878174, 3.616971731185913, 3.621347665786743, 3.6135451793670654], "avg_time_per_iter": 0.00465935011140681, "total_params": 8261340}