{"perplexity": 36.38554295007366, "iters": [0, 50, 100, 150, 200, 250, 300, 350, 400, 450, 500, 550, 600, 650, 700, 750, 800, 850, 900, 950], "training_loss": [7.442202091217041, 4.085363864898682, 3.8827593326568604, 3.7910146713256836, 3.724705696105957, 3.6676523685455322, 3.6233835220336914, 3.5659680366516113, 3.5248897075653076, 3.492760181427002, 3.4540884494781494, 3.435744524002075, 3.4113216400146484, 3.3932137489318848, 3.3848845958709717, 3.371281623840332, 3.36423397064209, 3.361772298812866, 3.3598029613494873, 3.355656147003174], "validation_loss": [7.443201065063477, 4.130598068237305, 3.95823335647583, 3.893394708633423, 3.844520092010498, 3.814502477645874, 3.7896368503570557, 3.7409040927886963, 3.714684009552002, 3.6969587802886963, 3.6760191917419434, 3.659465789794922, 3.6422343254089355, 3.6264700889587402, 3.6209664344787598, 3.613980293273926, 3.601259708404541, 3.6020662784576416, 3.6073949337005615, 3.5941715240478516], "avg_time_per_iter": 0.006548879775840527, "total_params": 11809116}