{"perplexity": 201.2358702697754, "iters": [0, 100, 200, 300, 400, 500, 600, 700, 800, 900, 1000, 1100, 1200, 1300, 1400, 1500, 1600, 1700, 1800, 1900], "training_loss": [7.475906848907471, 6.464404106140137, 6.397290229797363, 6.3366379737854, 6.256545543670654, 6.175724029541016, 6.100602626800537, 6.027129650115967, 5.967833042144775, 5.9057297706604, 5.844967842102051, 5.7854790687561035, 5.723064422607422, 5.6627912521362305, 5.606053829193115, 5.544074058532715, 5.481539249420166, 5.420419216156006, 5.374728679656982, 5.309885025024414], "validation_loss": [7.477713584899902, 6.48145866394043, 6.412868976593018, 6.350040912628174, 6.277876377105713, 6.19309139251709, 6.116748332977295, 6.041433811187744, 5.978626728057861, 5.918741226196289, 5.853143215179443, 5.798076629638672, 5.731912136077881, 5.677793025970459, 5.623800754547119, 5.560122013092041, 5.505161285400391, 5.443871974945068, 5.388247489929199, 5.3312482833862305]}