{"perplexity": 51.10287468265271, "total_params": 43811360, "iters": [0, 50, 100, 150, 200, 250, 300, 350, 400, 450, 500, 550, 600, 650, 700, 750, 800, 850, 900, 950], "training_loss": [10.071701049804688, 4.5292863845825195, 4.496605396270752, 4.488379001617432, 4.1068196296691895, 3.893970251083374, 3.8892135620117188, 3.8671445846557617, 3.8590641021728516, 3.852896213531494, 3.8521270751953125, 3.840646982192993, 3.8434484004974365, 3.8403077125549316, 3.8428289890289307, 3.796884775161743, 3.760538339614868, 3.750579595565796, 3.7395763397216797, 3.739988088607788], "validation_loss": [10.073770523071289, 4.611635684967041, 4.620666027069092, 4.619001865386963, 4.234177112579346, 4.035335540771484, 4.039780616760254, 4.03065299987793, 4.024815559387207, 4.030869960784912, 4.038244247436523, 4.0393266677856445, 4.051145553588867, 4.04765510559082, 4.037208080291748, 4.002029895782471, 3.943359375, 3.938953161239624, 3.933840751647949, 3.9414703845977783], "avg_time_per_iter": 0.011595621824264527}