{"perplexity": 89.22371969604492, "iters": [0, 100, 200, 300, 400, 500, 600, 700, 800, 900, 1000, 1100, 1200, 1300, 1400, 1500, 1600, 1700, 1800, 1900], "training_loss": [7.3774213790893555, 6.175961494445801, 6.054350852966309, 5.891752243041992, 5.694146156311035, 5.583428382873535, 5.478236675262451, 5.373658657073975, 5.274961948394775, 5.180149078369141, 5.084429740905762, 4.996920585632324, 4.9111762046813965, 4.837538719177246, 4.762051582336426, 4.69970178604126, 4.642289161682129, 4.582057952880859, 4.54461669921875, 4.479928970336914], "validation_loss": [7.370213508605957, 6.199571132659912, 6.076375961303711, 5.902079105377197, 5.699239730834961, 5.594255447387695, 5.490622520446777, 5.392792224884033, 5.29304313659668, 5.193728446960449, 5.104609489440918, 5.017740726470947, 4.929839134216309, 4.861565589904785, 4.799398422241211, 4.724574089050293, 4.663204669952393, 4.609734535217285, 4.5600128173828125, 4.5158281326293945]}