{"perplexity": 40.36460246060095, "total_params": 91696928, "iters": [0, 50, 100, 150, 200, 250, 300, 350, 400, 450, 500, 550, 600, 650, 700, 750, 800, 850, 900, 950], "training_loss": [10.162042617797852, 3.5969924926757812, 3.4900457859039307, 3.454317569732666, 3.4275927543640137, 3.4191761016845703, 3.406585931777954, 3.3966827392578125, 3.3818893432617188, 3.3848440647125244, 3.3761520385742188, 3.373415470123291, 3.361917018890381, 3.3591480255126953, 3.3601691722869873, 3.3588151931762695, 3.359631299972534, 3.350990056991577, 3.353315830230713, 3.353944778442383], "validation_loss": [10.160669326782227, 3.742920160293579, 3.6885268688201904, 3.67409086227417, 3.685115337371826, 3.6943891048431396, 3.673863172531128, 3.6864571571350098, 3.6837258338928223, 3.698798179626465, 3.693984031677246, 3.702329635620117, 3.693579912185669, 3.7017600536346436, 3.6906239986419678, 3.697953224182129, 3.7012884616851807, 3.696755886077881, 3.696861505508423, 3.6955623626708984], "avg_time_per_iter": 0.007417329788208008}