{"perplexity": 42.60819371032715, "iters": [0, 50, 100, 150, 200, 250, 300, 350, 400, 450, 500, 550, 600, 650, 700, 750], "training_loss": [7.467482566833496, 4.353823184967041, 4.026668548583984, 3.9185400009155273, 3.843728542327881, 3.793053150177002, 3.754732370376587, 3.7156505584716797, 3.6932592391967773, 3.660109043121338, 3.6316356658935547, 3.611625909805298, 3.598198175430298, 3.58597469329834, 3.5728089809417725, 3.563215494155884], "validation_loss": [7.473968982696533, 4.376240253448486, 4.070888519287109, 3.990741014480591, 3.9137275218963623, 3.88261079788208, 3.856949806213379, 3.831482410430908, 3.8153021335601807, 3.798696756362915, 3.7751855850219727, 3.766728401184082, 3.761197090148926, 3.7460265159606934, 3.7340266704559326, 3.732675313949585], "avg_time_per_iter": 0.005956679622279344, "total_params": 5025180}