{"perplexity": 110.67981289672852, "iters": [0, 50, 100, 150, 200, 250, 300, 350, 400, 450], "training_loss": [7.377109527587891, 4.664589881896973, 4.657792091369629, 4.6606011390686035, 4.658361434936523, 4.654707908630371, 4.655053615570068, 4.652650833129883, 4.651583671569824, 4.650981903076172], "validation_loss": [7.371817588806152, 4.6931281089782715, 4.700356483459473, 4.703269958496094, 4.704209327697754, 4.7044358253479, 4.706866264343262, 4.705219745635986, 4.70187520980835, 4.7070207595825195], "avg_time_per_iter": 5.797417878627777, "total_params": 86349276}