{"perplexity": 39.171966827813, "total_params": 9205088, "iters": [0, 50, 100, 150, 200, 250, 300, 350, 400, 450, 500, 550, 600, 650, 700, 750, 800, 850, 900, 950], "training_loss": [9.992990493774414, 4.663110733032227, 3.8493316173553467, 3.6478514671325684, 3.5755155086517334, 3.535482168197632, 3.5083374977111816, 3.4840753078460693, 3.477907419204712, 3.4675896167755127, 3.4517667293548584, 3.444803476333618, 3.441720485687256, 3.4374799728393555, 3.4279427528381348, 3.435573101043701, 3.4274675846099854, 3.431183099746704, 3.4259629249572754, 3.4302825927734375], "validation_loss": [9.989700317382812, 4.724921226501465, 3.9435858726501465, 3.763822555541992, 3.7168655395507812, 3.6932764053344727, 3.6900649070739746, 3.677292585372925, 3.6834371089935303, 3.6649954319000244, 3.6753454208374023, 3.670062303543091, 3.665738821029663, 3.667731285095215, 3.6691863536834717, 3.666503667831421, 3.674186944961548, 3.667961359024048, 3.6779468059539795, 3.674614906311035], "avg_time_per_iter": 0.0034029877185821535}