{"perplexity": 34.21263154177003, "iters": [0, 50, 100, 150, 200, 250, 300, 350, 400, 450, 500, 550, 600, 650, 700, 750, 800, 850, 900, 950], "training_loss": [7.556431770324707, 4.0012712478637695, 3.814600944519043, 3.7193310260772705, 3.64048171043396, 3.571727991104126, 3.5053775310516357, 3.452094316482544, 3.4041125774383545, 3.376779794692993, 3.349850654602051, 3.3313958644866943, 3.316849708557129, 3.3028364181518555, 3.2920968532562256, 3.2885963916778564, 3.281039237976074, 3.2832460403442383, 3.2787435054779053, 3.277665138244629], "validation_loss": [7.553750991821289, 4.045519828796387, 3.8924031257629395, 3.8227829933166504, 3.7769551277160645, 3.732116222381592, 3.6896347999572754, 3.6456046104431152, 3.6142449378967285, 3.596059560775757, 3.581679344177246, 3.5701029300689697, 3.5613064765930176, 3.5518863201141357, 3.547919511795044, 3.5426065921783447, 3.534834623336792, 3.5372800827026367, 3.534224271774292, 3.532594919204712], "avg_time_per_iter": 0.005704360554772346, "total_params": 11845980}