{"perplexity": 109.92635569763183, "iters": [0, 50, 100, 150, 200, 250, 300, 350, 400, 450], "training_loss": [7.437610149383545, 4.704183101654053, 4.664936542510986, 4.658157825469971, 4.655508518218994, 4.654422760009766, 4.653345108032227, 4.651770114898682, 4.6498799324035645, 4.650550842285156], "validation_loss": [7.4343719482421875, 4.716671466827393, 4.687765598297119, 4.692394256591797, 4.695061683654785, 4.6961140632629395, 4.696991443634033, 4.695704936981201, 4.699186325073242, 4.695666313171387], "avg_time_per_iter": 2.5737307357788084, "total_params": 36134364}