{"perplexity": 40.690022847201014, "total_params": 65119904, "iters": [0, 50, 100, 150, 200, 250, 300, 350, 400, 450, 500, 550, 600, 650, 700, 750, 800, 850, 900, 950], "training_loss": [10.13975715637207, 3.581352472305298, 3.4773824214935303, 3.452953577041626, 3.428231716156006, 3.4178149700164795, 3.4047164916992188, 3.3948841094970703, 3.3900091648101807, 3.377490520477295, 3.3797435760498047, 3.3717665672302246, 3.370140314102173, 3.3566854000091553, 3.3577959537506104, 3.3577346801757812, 3.3473634719848633, 3.353342056274414, 3.349306583404541, 3.3488266468048096], "validation_loss": [10.147008895874023, 3.7289319038391113, 3.68447208404541, 3.680474281311035, 3.6959116458892822, 3.690889835357666, 3.689985990524292, 3.7036986351013184, 3.694735527038574, 3.6930348873138428, 3.6953506469726562, 3.7079784870147705, 3.697840929031372, 3.701584815979004, 3.710702896118164, 3.6992712020874023, 3.7066681385040283, 3.7100415229797363, 3.7059829235076904, 3.7078168392181396], "avg_time_per_iter": 0.004209689855575562}