{"perplexity": 41.04332514386845, "total_params": 51831392, "iters": [0, 50, 100, 150, 200, 250, 300, 350, 400, 450, 500, 550, 600, 650, 700, 750, 800, 850, 900, 950], "training_loss": [10.111023902893066, 3.574467182159424, 3.482100248336792, 3.4525721073150635, 3.4365310668945312, 3.410123348236084, 3.4066965579986572, 3.400280475616455, 3.3929998874664307, 3.3878118991851807, 3.3779327869415283, 3.376579523086548, 3.3761980533599854, 3.3703670501708984, 3.36863374710083, 3.3618881702423096, 3.358646869659424, 3.360475540161133, 3.358274459838867, 3.3550970554351807], "validation_loss": [10.113801956176758, 3.7377092838287354, 3.6999118328094482, 3.7010116577148438, 3.705300807952881, 3.6993138790130615, 3.707449436187744, 3.701975107192993, 3.709784507751465, 3.717043161392212, 3.7054734230041504, 3.7180776596069336, 3.703437566757202, 3.7228786945343018, 3.7138500213623047, 3.7168703079223633, 3.713268995285034, 3.714628219604492, 3.7064452171325684, 3.7121448516845703], "avg_time_per_iter": 0.00295310640335083}