{"perplexity": 35.6707762245889, "iters": [0, 50, 100, 150, 200, 250, 300, 350, 400, 450, 500, 550, 600, 650, 700, 750, 800, 850, 900], "training_loss": [7.433791637420654, 4.024675369262695, 3.847780704498291, 3.754638195037842, 3.6804659366607666, 3.613084316253662, 3.5531699657440186, 3.5077147483825684, 3.468283176422119, 3.436580181121826, 3.4046621322631836, 3.3879847526550293, 3.3668036460876465, 3.361747980117798, 3.350811243057251, 3.339031457901001, 3.3330605030059814, 3.335994243621826, 3.3313260078430176], "validation_loss": [7.431400775909424, 4.077149868011475, 3.9345345497131348, 3.8707332611083984, 3.8207948207855225, 3.774446725845337, 3.7330024242401123, 3.702899932861328, 3.6725914478302, 3.647292137145996, 3.624454975128174, 3.6148693561553955, 3.6008901596069336, 3.5961573123931885, 3.5924928188323975, 3.5805506706237793, 3.581787109375, 3.5785133838653564, 3.574331760406494], "avg_time_per_iter": 0.0031440226272261237, "total_params": 4750428}