{"perplexity": 42.804204658508304, "iters": [0, 50, 100, 150, 200, 250, 300, 350, 400, 450, 500, 550, 600, 650, 700, 750, 800, 850], "training_loss": [7.5492377281188965, 4.338408470153809, 4.061312198638916, 3.944218158721924, 3.8778257369995117, 3.83245849609375, 3.7808725833892822, 3.744739294052124, 3.7027292251586914, 3.678586959838867, 3.6510419845581055, 3.629324197769165, 3.6086511611938477, 3.5967211723327637, 3.585012197494507, 3.575523614883423, 3.5702407360076904, 3.5703699588775635], "validation_loss": [7.5487446784973145, 4.369562149047852, 4.118818759918213, 4.000786781311035, 3.958216667175293, 3.910677194595337, 3.873816728591919, 3.8626270294189453, 3.8349454402923584, 3.812023639678955, 3.787498712539673, 3.784165143966675, 3.7638466358184814, 3.7529489994049072, 3.754040479660034, 3.74210786819458, 3.743943929672241, 3.7380211353302], "avg_time_per_iter": 0.004730166335503727, "total_params": 3544668}