{"perplexity": 214.22317379760742, "iters": [0, 100, 200, 300, 400, 500, 600, 700, 800, 900, 1000, 1100, 1200, 1300, 1400, 1500, 1600, 1700, 1800, 1900], "training_loss": [7.519661903381348, 6.625433921813965, 6.545580863952637, 6.442113399505615, 6.35939884185791, 6.2788262367248535, 6.216818809509277, 6.152783393859863, 6.089259147644043, 6.0252814292907715, 5.9586873054504395, 5.898365497589111, 5.8353681564331055, 5.767275333404541, 5.7063164710998535, 5.644123077392578, 5.582890510559082, 5.516889572143555, 5.456403732299805, 5.392188549041748], "validation_loss": [7.522870063781738, 6.63967752456665, 6.562486171722412, 6.463349342346191, 6.372341156005859, 6.292763710021973, 6.22570276260376, 6.166331768035889, 6.103982448577881, 6.041679859161377, 5.975275039672852, 5.9116129875183105, 5.850000381469727, 5.789664268493652, 5.725273132324219, 5.663210391998291, 5.596292495727539, 5.534077167510986, 5.478972434997559, 5.414561748504639]}