{"perplexity": 111.14615565490723, "iters": [0, 50, 100, 150, 200, 250, 300, 350, 400, 450], "training_loss": [7.4884748458862305, 4.66726016998291, 4.659532070159912, 4.656483173370361, 4.655416011810303, 4.657525062561035, 4.651700496673584, 4.653156280517578, 4.652143478393555, 4.649796962738037], "validation_loss": [7.491093635559082, 4.699435710906982, 4.70207405090332, 4.7030720710754395, 4.705006122589111, 4.707454204559326, 4.7062458992004395, 4.704398155212402, 4.708529472351074, 4.70331335067749], "avg_time_per_iter": 10.474494187355042, "total_params": 128922588}