{"perplexity": 87.06414735412598, "iters": [0, 100, 200, 300, 400, 500, 600, 700, 800, 900, 1000, 1100, 1200, 1300, 1400, 1500, 1600, 1700, 1800, 1900], "training_loss": [7.452996730804443, 6.085834980010986, 5.970067501068115, 5.866009712219238, 5.7499237060546875, 5.605247974395752, 5.419079303741455, 5.309061527252197, 5.199009895324707, 5.110343933105469, 5.024844646453857, 4.933614253997803, 4.858335971832275, 4.7832207679748535, 4.7228193283081055, 4.6713032722473145, 4.608521938323975, 4.562618255615234, 4.517529487609863, 4.463510036468506], "validation_loss": [7.441148281097412, 6.099352836608887, 5.986917972564697, 5.870271682739258, 5.761562347412109, 5.615729331970215, 5.421581745147705, 5.306283473968506, 5.21342134475708, 5.124945640563965, 5.03314208984375, 4.9534010887146, 4.8773369789123535, 4.806334018707275, 4.743368625640869, 4.685194969177246, 4.628955841064453, 4.58137845993042, 4.537850379943848, 4.492317199707031]}