{"perplexity": 58.507169021606444, "iters": [0, 100, 200, 300, 400, 500, 600, 700, 800, 900, 1000, 1100, 1200, 1300, 1400, 1500, 1600, 1700, 1800, 1900], "training_loss": [7.502861499786377, 5.642855644226074, 5.3328447341918945, 5.077201843261719, 4.923605442047119, 4.791686534881592, 4.682162284851074, 4.589799880981445, 4.485652446746826, 4.404938220977783, 4.352558612823486, 4.281876087188721, 4.237037658691406, 4.18836784362793, 4.14870548248291, 4.116959571838379, 4.083055019378662, 4.054792881011963, 4.022958755493164, 4.001189708709717], "validation_loss": [7.498505115509033, 5.659747123718262, 5.349991321563721, 5.097128391265869, 4.950367450714111, 4.823751449584961, 4.7210259437561035, 4.617001533508301, 4.526127338409424, 4.446645736694336, 4.383944034576416, 4.323371410369873, 4.283008575439453, 4.227198123931885, 4.195947170257568, 4.166078090667725, 4.135555744171143, 4.10318660736084, 4.084856986999512, 4.0608720779418945]}