{"perplexity": 35.05834768158389, "iters": [0, 50, 100, 150, 200, 250, 300, 350, 400, 450, 500, 550, 600, 650, 700, 750, 800, 850], "training_loss": [7.522785186767578, 4.001246452331543, 3.8142802715301514, 3.717393159866333, 3.6380457878112793, 3.5760445594787598, 3.511596202850342, 3.461665153503418, 3.4204697608947754, 3.3862500190734863, 3.3642196655273438, 3.345510482788086, 3.324673652648926, 3.3171958923339844, 3.3078811168670654, 3.3033876419067383, 3.298388719558716, 3.2945826053619385], "validation_loss": [7.524075031280518, 4.060693740844727, 3.9033234119415283, 3.8426480293273926, 3.7940690517425537, 3.7479403018951416, 3.7059481143951416, 3.6684274673461914, 3.6400489807128906, 3.6120059490203857, 3.6014604568481445, 3.5917582511901855, 3.5825676918029785, 3.576303482055664, 3.5677692890167236, 3.563234806060791, 3.554939031600952, 3.557013750076294], "avg_time_per_iter": 0.004433923546491862, "total_params": 8298204}