{"perplexity": 107.3800014596403, "total_params": 144850976, "iters": [0, 50, 100, 150, 200, 250, 300, 350, 400, 450, 500, 550, 600, 650, 700, 750, 800, 850, 900, 950], "training_loss": [9.913461685180664, 4.527977466583252, 4.515388011932373, 4.499843120574951, 4.492186069488525, 4.491795539855957, 4.489729881286621, 4.481548309326172, 4.489816665649414, 4.483763217926025, 4.48342227935791, 4.4794840812683105, 4.479732513427734, 4.471878528594971, 4.469366550445557, 4.4643874168396, 4.474428176879883, 4.467287540435791, 4.469568252563477, 4.475423812866211], "validation_loss": [9.913805961608887, 4.6711039543151855, 4.662676811218262, 4.664936065673828, 4.6763739585876465, 4.676456928253174, 4.675436973571777, 4.687234878540039, 4.685848712921143, 4.682249546051025, 4.682294845581055, 4.69334602355957, 4.688758373260498, 4.6965250968933105, 4.698711395263672, 4.6982622146606445, 4.700186729431152, 4.692123889923096, 4.6981940269470215, 4.691570281982422], "avg_time_per_iter": 0.011661706924438476}