{"perplexity": 38.16872300853251, "iters": [0, 50, 100, 150, 200, 250, 300, 350, 400, 450, 500, 550, 600, 650], "training_loss": [7.424413204193115, 4.059805393218994, 3.875075101852417, 3.792208433151245, 3.7224063873291016, 3.666264533996582, 3.6125223636627197, 3.5603885650634766, 3.5232865810394287, 3.493252992630005, 3.4643139839172363, 3.4411916732788086, 3.422027349472046, 3.411602735519409], "validation_loss": [7.421809196472168, 4.109105110168457, 3.95941162109375, 3.899951696395874, 3.850175142288208, 3.80912184715271, 3.7808804512023926, 3.743720531463623, 3.7171130180358887, 3.6986334323883057, 3.6804611682891846, 3.663680076599121, 3.6494057178497314, 3.6420164108276367], "avg_time_per_iter": 0.003640518027333437, "total_params": 4725852}