{"perplexity": 44.864083251953126, "iters": [0, 50, 100, 150, 200, 250, 300, 350, 400, 450, 500, 550, 600, 650, 700, 750, 800, 850, 900], "training_loss": [7.461027145385742, 4.378479480743408, 4.075633525848389, 3.9672675132751465, 3.8917386531829834, 3.8556268215179443, 3.81156587600708, 3.778080940246582, 3.7479326725006104, 3.7193870544433594, 3.695740222930908, 3.6729559898376465, 3.655874013900757, 3.6427457332611084, 3.6343488693237305, 3.626070976257324, 3.617601156234741, 3.616575241088867, 3.6154088973999023], "validation_loss": [7.452483654022217, 4.402914524078369, 4.123462677001953, 4.0216193199157715, 3.9808239936828613, 3.9453282356262207, 3.901782274246216, 3.8846094608306885, 3.866152286529541, 3.851555824279785, 3.83355712890625, 3.825049877166748, 3.8103787899017334, 3.8091187477111816, 3.801377773284912, 3.7843945026397705, 3.7882490158081055, 3.7829527854919434, 3.7809195518493652], "avg_time_per_iter": 0.003121584554623552, "total_params": 2064156}