{"perplexity": 38.897228610888035, "iters": [0, 50, 100, 150, 200, 250, 300, 350, 400, 450, 500, 550, 600, 650, 700, 750, 800, 850, 900, 950], "training_loss": [7.492082118988037, 4.105617523193359, 3.9102303981781006, 3.8208072185516357, 3.7616093158721924, 3.7071735858917236, 3.6644389629364014, 3.6147232055664062, 3.5763752460479736, 3.549448251724243, 3.517826557159424, 3.494588851928711, 3.477320909500122, 3.4621269702911377, 3.4525234699249268, 3.442046642303467, 3.429934501647949, 3.430342674255371, 3.4267823696136475, 3.424001932144165], "validation_loss": [7.497228145599365, 4.157206058502197, 3.9953439235687256, 3.91908597946167, 3.882974147796631, 3.846688985824585, 3.823638439178467, 3.792039394378662, 3.765960454940796, 3.7523086071014404, 3.729229211807251, 3.704835891723633, 3.6921725273132324, 3.684572696685791, 3.6772708892822266, 3.6679089069366455, 3.6631014347076416, 3.6595072746276855, 3.664860248565674, 3.6609230041503906], "avg_time_per_iter": 0.003098616213953959, "total_params": 4713564}