{"perplexity": 35.37206904584048, "iters": [0, 50, 100, 150, 200, 250, 300, 350, 400, 450, 500, 550, 600, 650, 700, 750, 800, 850], "training_loss": [7.532891273498535, 4.033455848693848, 3.8355624675750732, 3.7515101432800293, 3.6694114208221436, 3.6068527698516846, 3.555316686630249, 3.5002925395965576, 3.455416202545166, 3.4232523441314697, 3.3934671878814697, 3.3729677200317383, 3.355926036834717, 3.3441081047058105, 3.326131820678711, 3.3246493339538574, 3.316554546356201, 3.313044548034668], "validation_loss": [7.536836624145508, 4.075878620147705, 3.9084644317626953, 3.8556315898895264, 3.8094141483306885, 3.7705395221710205, 3.7274067401885986, 3.696925163269043, 3.658219814300537, 3.6443541049957275, 3.622032403945923, 3.6055586338043213, 3.5907516479492188, 3.584742546081543, 3.5754315853118896, 3.568899393081665, 3.56239652633667, 3.565922498703003], "avg_time_per_iter": 0.009414456285685126, "total_params": 11821404}