{"perplexity": 41.36296367968053, "iters": [0, 50, 100, 150, 200, 250, 300, 350, 400, 450, 500, 550, 600, 650, 700, 750, 800, 850, 900], "training_loss": [7.46727991104126, 4.309204578399658, 4.014625549316406, 3.9092957973480225, 3.848935127258301, 3.799525499343872, 3.7539029121398926, 3.7130894660949707, 3.6767725944519043, 3.6447441577911377, 3.6188247203826904, 3.5959091186523438, 3.578524589538574, 3.562873601913452, 3.5505011081695557, 3.543907403945923, 3.5369296073913574, 3.537175178527832, 3.534961462020874], "validation_loss": [7.461554527282715, 4.337943077087402, 4.070415496826172, 3.984729528427124, 3.930607557296753, 3.8981621265411377, 3.868037462234497, 3.8386285305023193, 3.820467948913574, 3.7975590229034424, 3.779726505279541, 3.765751600265503, 3.7519607543945312, 3.7423036098480225, 3.7319979667663574, 3.7249369621276855, 3.7245612144470215, 3.722822427749634, 3.722385883331299], "avg_time_per_iter": 0.003100781012057729, "total_params": 2082588}