{"perplexity": 38.67733954925461, "iters": [0, 50, 100, 150, 200, 250, 300, 350, 400, 450, 500, 550, 600, 650, 700, 750, 800, 850, 900, 950], "training_loss": [7.578012466430664, 4.286383628845215, 3.9781172275543213, 3.866072654724121, 3.7914175987243652, 3.7354986667633057, 3.6899030208587646, 3.6509978771209717, 3.6112611293792725, 3.579343795776367, 3.5544867515563965, 3.5324504375457764, 3.5104281902313232, 3.499241352081299, 3.487272024154663, 3.4763309955596924, 3.4737441539764404, 3.466069221496582, 3.4632298946380615, 3.4630329608917236], "validation_loss": [7.568797588348389, 4.310801982879639, 4.033425807952881, 3.9352800846099854, 3.873401641845703, 3.8442649841308594, 3.805938482284546, 3.7810559272766113, 3.757885694503784, 3.7437989711761475, 3.7182729244232178, 3.7033307552337646, 3.695639133453369, 3.682058811187744, 3.672910451889038, 3.6656904220581055, 3.663520097732544, 3.6611135005950928, 3.654604196548462, 3.6552538871765137], "avg_time_per_iter": 0.005760602770543625, "total_params": 5043612}