{"perplexity": 35.950082743915424, "iters": [0, 50, 100, 150, 200, 250, 300, 350, 400, 450, 500, 550, 600, 650, 700, 750, 800, 850, 900, 950], "training_loss": [7.51456356048584, 4.038852691650391, 3.84761118888855, 3.7579598426818848, 3.6847689151763916, 3.623605251312256, 3.565366506576538, 3.516838312149048, 3.475449323654175, 3.4342596530914307, 3.4071712493896484, 3.3846755027770996, 3.3651962280273438, 3.357063055038452, 3.3440864086151123, 3.3408379554748535, 3.3350014686584473, 3.3306705951690674, 3.3248331546783447, 3.326550006866455], "validation_loss": [7.520257949829102, 4.097681045532227, 3.92390513420105, 3.8485796451568604, 3.8123605251312256, 3.7835254669189453, 3.743041753768921, 3.7112889289855957, 3.681328296661377, 3.6570849418640137, 3.639286518096924, 3.625744581222534, 3.613264560699463, 3.6021387577056885, 3.5922420024871826, 3.5945987701416016, 3.5835795402526855, 3.582247734069824, 3.58664870262146, 3.5821313858032227], "avg_time_per_iter": 0.00566682579890912, "total_params": 8273628}