{"perplexity": 42.159220256401866, "iters": [0, 50, 100, 150, 200, 250, 300, 350, 400, 450, 500, 550, 600, 650, 700, 750, 800, 850, 900], "training_loss": [7.495145797729492, 4.325169563293457, 4.037187576293945, 3.936697006225586, 3.8688583374023438, 3.8224234580993652, 3.7875609397888184, 3.7473702430725098, 3.7172963619232178, 3.687220573425293, 3.6612613201141357, 3.6394596099853516, 3.6198298931121826, 3.611339807510376, 3.5990328788757324, 3.588674306869507, 3.5841856002807617, 3.579390287399292, 3.5796637535095215], "validation_loss": [7.491790294647217, 4.353758811950684, 4.082618236541748, 4.013324737548828, 3.952962875366211, 3.915066719055176, 3.886469841003418, 3.851593017578125, 3.838656425476074, 3.81467604637146, 3.8033008575439453, 3.785674571990967, 3.7750868797302246, 3.7680134773254395, 3.7539710998535156, 3.752119302749634, 3.746574640274048, 3.739830493927002, 3.7414534091949463], "avg_time_per_iter": 0.0030451085538366657, "total_params": 2070300}