{"perplexity": 42.66958600411183, "total_params": 11286928, "iters": [0, 50, 100, 150, 200, 250, 300, 350, 400, 450, 500, 550, 600, 650, 700, 750, 800, 850, 900, 950], "training_loss": [9.354790687561035, 3.8722352981567383, 3.6793036460876465, 3.615356206893921, 3.580645799636841, 3.555950880050659, 3.5473897457122803, 3.5297746658325195, 3.5137953758239746, 3.518122673034668, 3.500793695449829, 3.5065953731536865, 3.493562698364258, 3.4861416816711426, 3.4862732887268066, 3.4852190017700195, 3.485924482345581, 3.4787485599517822, 3.47731351852417, 3.477961540222168], "validation_loss": [9.355768203735352, 3.9490203857421875, 3.8090109825134277, 3.7672743797302246, 3.762493848800659, 3.749776601791382, 3.7498278617858887, 3.751621961593628, 3.746720552444458, 3.751138925552368, 3.753627300262451, 3.740842819213867, 3.743260383605957, 3.741408348083496, 3.734570264816284, 3.753486394882202, 3.7403063774108887, 3.7359085083007812, 3.735245943069458, 3.7339954376220703], "avg_time_per_iter": 0.0029616713523864745}