{"perplexity": 38.3254844258146, "total_params": 13646624, "iters": [0, 50, 100, 150, 200, 250, 300, 350, 400, 450, 500, 550, 600, 650, 700, 750, 800, 850, 900, 950], "training_loss": [9.958207130432129, 4.952188491821289, 3.944089651107788, 3.680917978286743, 3.577197790145874, 3.5204358100891113, 3.4882194995880127, 3.4662554264068604, 3.447516441345215, 3.4501099586486816, 3.4211905002593994, 3.4212327003479004, 3.420942783355713, 3.4190380573272705, 3.408810615539551, 3.4088244438171387, 3.4058969020843506, 3.4126405715942383, 3.4057631492614746, 3.4021823406219482], "validation_loss": [9.962183952331543, 5.0169267654418945, 4.026537895202637, 3.781683921813965, 3.705888032913208, 3.6780121326446533, 3.660703659057617, 3.6615073680877686, 3.6536972522735596, 3.6537024974823, 3.6485772132873535, 3.6490283012390137, 3.6529147624969482, 3.657440423965454, 3.65934681892395, 3.639955520629883, 3.640181541442871, 3.645981550216675, 3.6461150646209717, 3.6453630924224854], "avg_time_per_iter": 0.006936369180679322}