{"perplexity": 41.22776426839176, "total_params": 10989704, "iters": [0, 50, 100, 150, 200, 250, 300, 350, 400, 450, 500, 550, 600, 650, 700, 750, 800, 850, 900, 950], "training_loss": [8.64860725402832, 3.930809736251831, 3.726658821105957, 3.6778764724731445, 3.6453020572662354, 3.6180694103240967, 3.5923912525177, 3.576483726501465, 3.553753137588501, 3.550368547439575, 3.541349411010742, 3.527719020843506, 3.5168709754943848, 3.5146422386169434, 3.507650852203369, 3.5009405612945557, 3.503394365310669, 3.5093212127685547, 3.4977285861968994, 3.4991490840911865], "validation_loss": [8.652761459350586, 3.9816739559173584, 3.8333325386047363, 3.799912691116333, 3.7978975772857666, 3.780015230178833, 3.763594388961792, 3.7573657035827637, 3.7537841796875, 3.748256206512451, 3.729959726333618, 3.728928804397583, 3.736767530441284, 3.723191738128662, 3.721919059753418, 3.719111919403076, 3.715040922164917, 3.7222793102264404, 3.7238903045654297, 3.710047721862793], "avg_time_per_iter": 0.0042864508628845215}