{"perplexity": 41.587688916445614, "total_params": 43811360, "iters": [0, 50, 100, 150, 200, 250, 300, 350, 400, 450, 500, 550, 600, 650, 700, 750, 800, 850, 900, 950], "training_loss": [10.030759811401367, 4.532019138336182, 4.5003180503845215, 4.490362167358398, 4.4894914627075195, 3.9592745304107666, 3.789491653442383, 3.7270514965057373, 3.699566602706909, 3.6366565227508545, 3.6260623931884766, 3.625286817550659, 3.6186623573303223, 3.6181328296661377, 3.5900702476501465, 3.548722267150879, 3.5257599353790283, 3.504035711288452, 3.4972705841064453, 3.494407892227173], "validation_loss": [10.033073425292969, 4.621358871459961, 4.610342025756836, 4.621067047119141, 4.623067855834961, 4.091548442840576, 3.927816867828369, 3.8857576847076416, 3.8826205730438232, 3.817903518676758, 3.819704055786133, 3.8239386081695557, 3.8226394653320312, 3.8200860023498535, 3.7934634685516357, 3.773238182067871, 3.738724946975708, 3.727804183959961, 3.7222554683685303, 3.713714361190796], "avg_time_per_iter": 0.011649654626846313}