{"perplexity": 39.447215992671005, "total_params": 9205088, "iters": [0, 50, 100, 150, 200, 250, 300, 350, 400, 450, 500, 550, 600, 650, 700, 750, 800, 850, 900, 950], "training_loss": [9.981976509094238, 4.665772914886475, 3.8582231998443604, 3.6510651111602783, 3.5810904502868652, 3.535656690597534, 3.5180389881134033, 3.4986932277679443, 3.487931728363037, 3.4726402759552, 3.4625089168548584, 3.4465436935424805, 3.4519565105438232, 3.4408864974975586, 3.4350574016571045, 3.4334256649017334, 3.4359328746795654, 3.4315850734710693, 3.4365296363830566, 3.432779312133789], "validation_loss": [9.97158432006836, 4.723048210144043, 3.9428699016571045, 3.7695624828338623, 3.7204904556274414, 3.6969618797302246, 3.6795434951782227, 3.6900830268859863, 3.678485155105591, 3.6796326637268066, 3.6635804176330566, 3.6749634742736816, 3.6766607761383057, 3.670757532119751, 3.6655144691467285, 3.669219970703125, 3.6765859127044678, 3.6659727096557617, 3.6683342456817627, 3.6758954524993896], "avg_time_per_iter": 0.0031349315643310546}