{"perplexity": 108.23297909844558, "total_params": 144850976, "iters": [0, 50, 100, 150, 200, 250, 300, 350, 400, 450, 500, 550, 600, 650, 700, 750, 800, 850, 900, 950], "training_loss": [10.118755340576172, 4.530482292175293, 4.505898952484131, 4.5059123039245605, 4.488580226898193, 4.483824253082275, 4.489783763885498, 4.490716934204102, 4.494116306304932, 4.482149600982666, 4.488363742828369, 4.474421977996826, 4.474928855895996, 4.476913928985596, 4.468206882476807, 4.473476409912109, 4.474462509155273, 4.469142913818359, 4.47032356262207, 4.470947742462158], "validation_loss": [10.125450134277344, 4.664792537689209, 4.658626556396484, 4.657770156860352, 4.676410675048828, 4.678175449371338, 4.677621364593506, 4.684286117553711, 4.695417881011963, 4.681855201721191, 4.687227249145508, 4.682229518890381, 4.694181442260742, 4.69188117980957, 4.69563627243042, 4.681005477905273, 4.691629886627197, 4.692437648773193, 4.688231945037842, 4.690145969390869], "avg_time_per_iter": 0.011576577663421631}