{"perplexity": 40.933678652566755, "total_params": 23016392, "iters": [0, 50, 100, 150, 200, 250, 300, 350, 400, 450, 500, 550, 600, 650, 700, 750, 800, 850, 900, 950], "training_loss": [8.73145580291748, 3.7474331855773926, 3.647515296936035, 3.5987164974212646, 3.572366714477539, 3.5363550186157227, 3.518028497695923, 3.47727632522583, 3.4665560722351074, 3.454843044281006, 3.4358248710632324, 3.4296319484710693, 3.4127585887908936, 3.3975343704223633, 3.3931221961975098, 3.3937032222747803, 3.388807773590088, 3.380615472793579, 3.381561517715454, 3.3813316822052], "validation_loss": [8.739313125610352, 3.864475727081299, 3.818485736846924, 3.798354387283325, 3.771559715270996, 3.7723541259765625, 3.749319553375244, 3.756844997406006, 3.7445969581604004, 3.734273672103882, 3.7244040966033936, 3.7137136459350586, 3.7129485607147217, 3.7119531631469727, 3.7108283042907715, 3.7057182788848877, 3.6947052478790283, 3.709176540374756, 3.6996512413024902, 3.707892656326294], "avg_time_per_iter": 0.002987720489501953}