{"perplexity": 41.769893424702886, "total_params": 7871624, "iters": [0, 50, 100, 150, 200, 250, 300, 350, 400, 450, 500, 550, 600, 650, 700, 750, 800, 850, 900, 950], "training_loss": [8.5986328125, 4.473239898681641, 3.9604849815368652, 3.787768840789795, 3.728463649749756, 3.695641279220581, 3.666868209838867, 3.635223627090454, 3.6134116649627686, 3.594208002090454, 3.588277578353882, 3.57725191116333, 3.5753002166748047, 3.5586555004119873, 3.5681731700897217, 3.56467342376709, 3.5525619983673096, 3.5549306869506836, 3.5515801906585693, 3.558704137802124], "validation_loss": [8.599363327026367, 4.499382495880127, 4.017828941345215, 3.882333278656006, 3.8366329669952393, 3.812521457672119, 3.7908151149749756, 3.7893402576446533, 3.779127836227417, 3.7457098960876465, 3.744661331176758, 3.7507238388061523, 3.7389516830444336, 3.73638916015625, 3.732175827026367, 3.731443166732788, 3.7244956493377686, 3.727215051651001, 3.7325994968414307, 3.7368531227111816], "avg_time_per_iter": 0.00700328278541565}