{"perplexity": 41.349898992174715, "total_params": 6835600, "iters": [0, 50, 100, 150, 200, 250, 300, 350, 400, 450, 500, 550, 600, 650, 700, 750, 800, 850, 900, 950], "training_loss": [9.386258125305176, 4.5507731437683105, 3.896813154220581, 3.7048909664154053, 3.6396472454071045, 3.6077966690063477, 3.57883882522583, 3.5646445751190186, 3.5455820560455322, 3.544984817504883, 3.52888822555542, 3.5148162841796875, 3.5159664154052734, 3.51237416267395, 3.4985289573669434, 3.5063412189483643, 3.4979748725891113, 3.508331060409546, 3.5018200874328613, 3.506279706954956], "validation_loss": [9.383708953857422, 4.620087146759033, 3.988616704940796, 3.825434684753418, 3.7779390811920166, 3.749478816986084, 3.750159978866577, 3.7336368560791016, 3.736431360244751, 3.7305164337158203, 3.7220122814178467, 3.7309396266937256, 3.722024440765381, 3.7220699787139893, 3.7265021800994873, 3.7138988971710205, 3.7087459564208984, 3.719149112701416, 3.7163007259368896, 3.713200092315674], "avg_time_per_iter": 0.0042736389636993406}