{"perplexity": 41.91510435900498, "total_params": 45909904, "iters": [0, 50, 100, 150, 200, 250, 300, 350, 400, 450, 500, 550, 600, 650, 700, 750, 800, 850, 900, 950], "training_loss": [9.326059341430664, 3.672391414642334, 3.563291072845459, 3.5301666259765625, 3.513247013092041, 3.500131130218506, 3.4731171131134033, 3.473825693130493, 3.4662365913391113, 3.4597792625427246, 3.4386181831359863, 3.442225694656372, 3.428739309310913, 3.4200944900512695, 3.4212255477905273, 3.415198564529419, 3.4075112342834473, 3.4116547107696533, 3.408348321914673, 3.4066736698150635], "validation_loss": [9.32861328125, 3.81158447265625, 3.7814993858337402, 3.763606309890747, 3.754746198654175, 3.7437024116516113, 3.7511074542999268, 3.7339890003204346, 3.7489845752716064, 3.749127149581909, 3.74692440032959, 3.7298085689544678, 3.7410085201263428, 3.7341132164001465, 3.7283413410186768, 3.7363176345825195, 3.732189416885376, 3.7356462478637695, 3.730881929397583, 3.72664213180542], "avg_time_per_iter": 0.0042115552425384525}