{"perplexity": 38.69309290151517, "total_params": 10685600, "iters": [0, 50, 100, 150, 200, 250, 300, 350, 400, 450, 500, 550, 600, 650, 700, 750, 800, 850, 900, 950], "training_loss": [10.143239974975586, 4.808367729187012, 3.9217867851257324, 3.6690826416015625, 3.5675058364868164, 3.5230603218078613, 3.4934678077697754, 3.474543809890747, 3.454721689224243, 3.4569873809814453, 3.442999839782715, 3.4319491386413574, 3.424995183944702, 3.4163460731506348, 3.420192003250122, 3.4080450534820557, 3.413414716720581, 3.4103293418884277, 3.4100637435913086, 3.412282705307007], "validation_loss": [10.141170501708984, 4.866055488586426, 4.004509925842285, 3.779664993286133, 3.7008392810821533, 3.6819612979888916, 3.6744046211242676, 3.6581122875213623, 3.6584830284118652, 3.6611950397491455, 3.663914442062378, 3.6580796241760254, 3.656923532485962, 3.6524317264556885, 3.6527953147888184, 3.6571099758148193, 3.651845693588257, 3.658177375793457, 3.655661106109619, 3.643141508102417], "avg_time_per_iter": 0.004308708667755127}