{"perplexity": 42.69202385618538, "total_params": 7441928, "iters": [0, 50, 100, 150, 200, 250, 300, 350, 400, 450, 500, 550, 600, 650, 700, 750, 800, 850, 900, 950], "training_loss": [8.670289039611816, 3.955702304840088, 3.7645862102508545, 3.7077677249908447, 3.6564111709594727, 3.6381609439849854, 3.6233630180358887, 3.590749502182007, 3.576672315597534, 3.5620276927948, 3.557452917098999, 3.5419235229492188, 3.534604072570801, 3.525148391723633, 3.527993679046631, 3.517859697341919, 3.5304160118103027, 3.516976833343506, 3.5188589096069336, 3.51708984375], "validation_loss": [8.675439834594727, 4.013603210449219, 3.882969379425049, 3.83709716796875, 3.8230528831481934, 3.812152147293091, 3.794853448867798, 3.7909154891967773, 3.774949073791504, 3.7601940631866455, 3.767122268676758, 3.7648873329162598, 3.7580928802490234, 3.744338035583496, 3.7454910278320312, 3.754012107849121, 3.7518138885498047, 3.7491400241851807, 3.7565407752990723, 3.7514524459838867], "avg_time_per_iter": 0.0029944632053375245}