{"perplexity": 113.26833991947076, "total_params": 116035976, "iters": [0, 50, 100, 150, 200, 250, 300, 350, 400, 450, 500, 550, 600, 650, 700, 750, 800, 850, 900, 950], "training_loss": [8.416006088256836, 4.638068675994873, 4.632623195648193, 4.629134654998779, 4.633188724517822, 4.629290580749512, 4.620916366577148, 4.62913179397583, 4.623786926269531, 4.624212265014648, 4.624117374420166, 4.612433910369873, 4.623385429382324, 4.620797634124756, 4.614933967590332, 4.6152472496032715, 4.615342617034912, 4.613256454467773, 4.615434169769287, 4.618950843811035], "validation_loss": [8.413992881774902, 4.716852188110352, 4.736337661743164, 4.730391979217529, 4.737493515014648, 4.732127666473389, 4.747747898101807, 4.725776195526123, 4.735562801361084, 4.7380757331848145, 4.745348930358887, 4.727574825286865, 4.737504005432129, 4.730711936950684, 4.729759693145752, 4.728575229644775, 4.727618217468262, 4.733972549438477, 4.734008312225342, 4.723019599914551], "avg_time_per_iter": 0.011737284898757935}