{"perplexity": 42.17465219609552, "total_params": 4910600, "iters": [0, 50, 100, 150, 200, 250, 300, 350, 400, 450, 500, 550, 600, 650, 700, 750, 800, 850, 900, 950], "training_loss": [8.60705852508545, 4.402034282684326, 3.9228856563568115, 3.788187265396118, 3.735668420791626, 3.7037742137908936, 3.669160842895508, 3.6525609493255615, 3.637291669845581, 3.6152899265289307, 3.6128172874450684, 3.588960886001587, 3.589848279953003, 3.580294132232666, 3.5727896690368652, 3.5670228004455566, 3.571138858795166, 3.564340829849243, 3.5656847953796387, 3.5631823539733887], "validation_loss": [8.604166030883789, 4.43306303024292, 3.9817328453063965, 3.866408109664917, 3.8264360427856445, 3.814774990081787, 3.79750919342041, 3.782255172729492, 3.7735719680786133, 3.7655420303344727, 3.7631380558013916, 3.748612403869629, 3.7592225074768066, 3.7552196979522705, 3.740429401397705, 3.7395741939544678, 3.753154993057251, 3.739516496658325, 3.7411184310913086, 3.741819381713867], "avg_time_per_iter": 0.004383645296096802}