{"perplexity": 42.980303348196585, "total_params": 15718672, "iters": [0, 50, 100, 150, 200, 250, 300, 350, 400, 450, 500, 550, 600, 650, 700, 750, 800, 850, 900, 950], "training_loss": [9.63380241394043, 4.976928234100342, 4.577167510986328, 4.55694580078125, 4.54652214050293, 4.00154447555542, 3.8185088634490967, 3.741910934448242, 3.6977474689483643, 3.6705234050750732, 3.6517367362976074, 3.643233060836792, 3.625678300857544, 3.611844539642334, 3.5993714332580566, 3.5893328189849854, 3.584681987762451, 3.5830843448638916, 3.587306499481201, 3.572927236557007], "validation_loss": [9.623215675354004, 5.036698818206787, 4.653775215148926, 4.6424713134765625, 4.655429840087891, 4.085793495178223, 3.9202933311462402, 3.8569741249084473, 3.823726177215576, 3.8089897632598877, 3.8041162490844727, 3.8057632446289062, 3.7847042083740234, 3.760741949081421, 3.757560968399048, 3.750708818435669, 3.744570255279541, 3.75954532623291, 3.7561984062194824, 3.7486472129821777], "avg_time_per_iter": 0.011848937511444092}