{"perplexity": 40.10308317283918, "total_params": 36304904, "iters": [0, 50, 100, 150, 200, 250, 300, 350, 400, 450, 500, 550, 600, 650, 700, 750, 800, 850, 900, 950], "training_loss": [8.733234405517578, 3.738419532775879, 3.6458237171173096, 3.6029884815216064, 3.564122200012207, 3.534031867980957, 3.511420965194702, 3.4864346981048584, 3.469029188156128, 3.4449431896209717, 3.4401001930236816, 3.4180808067321777, 3.409968376159668, 3.399594783782959, 3.3916454315185547, 3.37716007232666, 3.3751659393310547, 3.3724918365478516, 3.3700830936431885, 3.366964817047119], "validation_loss": [8.732758522033691, 3.861762762069702, 3.8241662979125977, 3.8092825412750244, 3.778904438018799, 3.76332950592041, 3.755338668823242, 3.7411980628967285, 3.719860792160034, 3.723320960998535, 3.708343267440796, 3.7097232341766357, 3.7016983032226562, 3.705731153488159, 3.700110673904419, 3.691453218460083, 3.700502872467041, 3.6857709884643555, 3.6909677982330322, 3.6851816177368164], "avg_time_per_iter": 0.004279855251312256}