{"perplexity": 41.66452388698219, "total_params": 72486928, "iters": [0, 50, 100, 150, 200, 250, 300, 350, 400, 450, 500, 550, 600, 650, 700, 750, 800, 850, 900, 950], "training_loss": [9.419689178466797, 3.6664133071899414, 3.5739128589630127, 3.540515422821045, 3.5262601375579834, 3.5087225437164307, 3.497650146484375, 3.478755474090576, 3.462339401245117, 3.4543306827545166, 3.4453580379486084, 3.434340715408325, 3.4335711002349854, 3.4233155250549316, 3.422001600265503, 3.426046133041382, 3.4140994548797607, 3.4073050022125244, 3.410538673400879, 3.4060568809509277], "validation_loss": [9.4230375289917, 3.8140814304351807, 3.7798285484313965, 3.764523983001709, 3.754887580871582, 3.7550745010375977, 3.7480721473693848, 3.7325384616851807, 3.736280918121338, 3.7418813705444336, 3.738947868347168, 3.72886323928833, 3.7276546955108643, 3.726041793823242, 3.7296500205993652, 3.7204861640930176, 3.72029447555542, 3.718581438064575, 3.719705104827881, 3.720078229904175], "avg_time_per_iter": 0.006663187026977539}