{"perplexity": 40.825648827069834, "total_params": 51831392, "iters": [0, 50, 100, 150, 200, 250, 300, 350, 400, 450, 500, 550, 600, 650, 700, 750, 800, 850, 900, 950], "training_loss": [10.101203918457031, 3.578010320663452, 3.4774911403656006, 3.458974838256836, 3.435073137283325, 3.419832706451416, 3.3996853828430176, 3.4051761627197266, 3.3908910751342773, 3.380405902862549, 3.3754570484161377, 3.372878313064575, 3.3732798099517822, 3.3694913387298584, 3.35666561126709, 3.361666202545166, 3.363100290298462, 3.352107524871826, 3.354611873626709, 3.359318494796753], "validation_loss": [10.101699829101562, 3.7324798107147217, 3.6908648014068604, 3.689910650253296, 3.696732521057129, 3.6886987686157227, 3.6888537406921387, 3.700047254562378, 3.715366840362549, 3.712552547454834, 3.704353094100952, 3.697589635848999, 3.715850591659546, 3.729556083679199, 3.718782901763916, 3.711649179458618, 3.709310531616211, 3.7065324783325195, 3.7098686695098877, 3.7096707820892334], "avg_time_per_iter": 0.0029977478981018067}