{"perplexity": 39.12524205760655, "total_params": 22524704, "iters": [0, 50, 100, 150, 200, 250, 300, 350, 400, 450, 500, 550, 600, 650, 700, 750, 800, 850, 900, 950], "training_loss": [10.024365425109863, 3.864750385284424, 3.5668301582336426, 3.4984982013702393, 3.4559197425842285, 3.441452741622925, 3.431795358657837, 3.4246721267700195, 3.416409492492676, 3.3984551429748535, 3.401599645614624, 3.390010356903076, 3.4042699337005615, 3.392477512359619, 3.387990713119507, 3.3805315494537354, 3.381179094314575, 3.386453866958618, 3.376991033554077, 3.385387897491455], "validation_loss": [10.02662467956543, 3.9414730072021484, 3.705629348754883, 3.661168098449707, 3.6620242595672607, 3.6581037044525146, 3.6568210124969482, 3.663116216659546, 3.6675732135772705, 3.66374135017395, 3.664536714553833, 3.665907382965088, 3.6667678356170654, 3.6647326946258545, 3.662576913833618, 3.6572442054748535, 3.6677966117858887, 3.6694748401641846, 3.657485246658325, 3.655877113342285], "avg_time_per_iter": 0.004340243339538574}