{"perplexity": 40.10101798087343, "total_params": 91696928, "iters": [0, 50, 100, 150, 200, 250, 300, 350, 400, 450, 500, 550, 600, 650, 700, 750, 800, 850, 900, 950], "training_loss": [10.042928695678711, 3.558535099029541, 3.473824977874756, 3.436711072921753, 3.4253973960876465, 3.420564651489258, 3.3989243507385254, 3.39412784576416, 3.3891830444335938, 3.3806874752044678, 3.3778717517852783, 3.3719534873962402, 3.3733625411987305, 3.3631937503814697, 3.3606173992156982, 3.357990026473999, 3.3609251976013184, 3.35335636138916, 3.353924036026001, 3.3524200916290283], "validation_loss": [10.038086891174316, 3.722299098968506, 3.681868314743042, 3.6899073123931885, 3.6937389373779297, 3.6842565536499023, 3.6944098472595215, 3.677485942840576, 3.6837222576141357, 3.687074661254883, 3.6772549152374268, 3.700054883956909, 3.6814610958099365, 3.697418451309204, 3.6951498985290527, 3.6878042221069336, 3.6858320236206055, 3.6938018798828125, 3.691401720046997, 3.6887989044189453], "avg_time_per_iter": 0.006781678676605224}