{"perplexity": 40.780996071487216, "total_params": 65119904, "iters": [0, 50, 100, 150, 200, 250, 300, 350, 400, 450, 500, 550, 600, 650, 700, 750, 800, 850, 900, 950], "training_loss": [10.028337478637695, 3.5724616050720215, 3.483177423477173, 3.451192617416382, 3.4280970096588135, 3.40781307220459, 3.4044690132141113, 3.392622947692871, 3.388018846511841, 3.3804421424865723, 3.375838279724121, 3.3650577068328857, 3.3669207096099854, 3.357717275619507, 3.3581411838531494, 3.3605074882507324, 3.3519904613494873, 3.3562121391296387, 3.3503785133361816, 3.350809335708618], "validation_loss": [10.028550148010254, 3.7355856895446777, 3.703167200088501, 3.681107759475708, 3.6800196170806885, 3.690034866333008, 3.6864173412323, 3.687840223312378, 3.697701930999756, 3.6969714164733887, 3.6935675144195557, 3.7050116062164307, 3.70499324798584, 3.699230909347534, 3.705928325653076, 3.7023138999938965, 3.7081997394561768, 3.7082161903381348, 3.6946959495544434, 3.6893179416656494], "avg_time_per_iter": 0.004263803958892822}