{"perplexity": 39.81659293678827, "total_params": 62881928, "iters": [0, 50, 100, 150, 200, 250, 300, 350, 400, 450, 500, 550, 600, 650, 700, 750, 800, 850, 900, 950], "training_loss": [8.737220764160156, 3.7432479858398438, 3.659609317779541, 3.599729061126709, 3.565392255783081, 3.5485217571258545, 3.521125555038452, 3.4956588745117188, 3.482218027114868, 3.455875873565674, 3.4479711055755615, 3.4304087162017822, 3.41072154045105, 3.4015145301818848, 3.392207145690918, 3.3761789798736572, 3.3752405643463135, 3.3692734241485596, 3.359400987625122, 3.3700859546661377], "validation_loss": [8.731963157653809, 3.859433650970459, 3.8353826999664307, 3.787266731262207, 3.7725391387939453, 3.7619237899780273, 3.7597196102142334, 3.7312018871307373, 3.7332651615142822, 3.7228872776031494, 3.7227258682250977, 3.7061779499053955, 3.6935837268829346, 3.686648368835449, 3.68428373336792, 3.690781354904175, 3.679913282394409, 3.68780517578125, 3.6793429851531982, 3.6884396076202393], "avg_time_per_iter": 0.006758778572082519}