{"perplexity": 43.98403943519415, "total_params": 13793672, "iters": [0, 50, 100, 150, 200, 250, 300, 350, 400, 450, 500, 550, 600, 650, 700, 750, 800, 850, 900, 950], "training_loss": [8.625408172607422, 4.820422172546387, 4.635460376739502, 4.604520797729492, 4.094043731689453, 3.9126172065734863, 3.8463780879974365, 3.810889482498169, 3.785400390625, 3.7454352378845215, 3.7167694568634033, 3.682490587234497, 3.6775362491607666, 3.644526481628418, 3.635021448135376, 3.620371103286743, 3.622227668762207, 3.6165311336517334, 3.6094775199890137, 3.6193578243255615], "validation_loss": [8.629940032958984, 4.849244594573975, 4.674148082733154, 4.662147045135498, 4.1483049392700195, 3.9819061756134033, 3.926481008529663, 3.9175515174865723, 3.8882272243499756, 3.8690197467803955, 3.8239758014678955, 3.7988836765289307, 3.7974414825439453, 3.802590847015381, 3.7763147354125977, 3.7838268280029297, 3.775611639022827, 3.774266242980957, 3.7723588943481445, 3.774503707885742], "avg_time_per_iter": 0.012144714593887329}