{"perplexity": 42.66393006752898, "total_params": 5355088, "iters": [0, 50, 100, 150, 200, 250, 300, 350, 400, 450, 500, 550, 600, 650, 700, 750, 800, 850, 900, 950], "training_loss": [9.389330863952637, 4.553439140319824, 3.885390043258667, 3.7324118614196777, 3.654031753540039, 3.6326162815093994, 3.603801965713501, 3.5953586101531982, 3.5784265995025635, 3.5672554969787598, 3.5592923164367676, 3.550595760345459, 3.546337842941284, 3.5400590896606445, 3.542342185974121, 3.5377843379974365, 3.5257582664489746, 3.524946689605713, 3.538492441177368, 3.536740779876709], "validation_loss": [9.38609504699707, 4.603076457977295, 3.9665639400482178, 3.8314368724823, 3.794421911239624, 3.782395601272583, 3.7624192237854004, 3.75643253326416, 3.7533538341522217, 3.7492847442626953, 3.742525339126587, 3.746478796005249, 3.7487387657165527, 3.7479753494262695, 3.737659215927124, 3.745537519454956, 3.735394239425659, 3.741616725921631, 3.726271152496338, 3.741629123687744], "avg_time_per_iter": 0.0029996218681335447}