{"perplexity": 38.824784143137215, "total_params": 29620256, "iters": [0, 50, 100, 150, 200, 250, 300, 350, 400, 450, 500, 550, 600, 650, 700, 750, 800, 850, 900, 950], "training_loss": [10.04135513305664, 3.918604850769043, 3.598184108734131, 3.512727737426758, 3.4679198265075684, 3.437498092651367, 3.4235970973968506, 3.418468713760376, 3.411897659301758, 3.400146722793579, 3.402522563934326, 3.3949670791625977, 3.3869423866271973, 3.3811874389648438, 3.3805670738220215, 3.37294864654541, 3.3744094371795654, 3.3712470531463623, 3.37625789642334, 3.36666202545166], "validation_loss": [10.032495498657227, 3.990199089050293, 3.7244598865509033, 3.6674740314483643, 3.666696548461914, 3.6628057956695557, 3.6535003185272217, 3.6568145751953125, 3.6466176509857178, 3.6614365577697754, 3.6481072902679443, 3.650322198867798, 3.658689022064209, 3.6716926097869873, 3.6590588092803955, 3.6583168506622314, 3.6653716564178467, 3.664036750793457, 3.665975332260132, 3.6655287742614746], "avg_time_per_iter": 0.006786237239837647}