{"perplexity": 46.98353629934364, "total_params": 36121360, "iters": [0, 50, 100, 150, 200, 250, 300, 350, 400, 450, 500, 550, 600, 650, 700, 750, 800, 850, 900, 950], "training_loss": [9.476280212402344, 4.585812568664551, 4.564370632171631, 4.5582380294799805, 4.548751354217529, 4.212505340576172, 3.9898383617401123, 3.966562509536743, 3.955954074859619, 3.9467575550079346, 3.848865032196045, 3.807100534439087, 3.732761859893799, 3.694786310195923, 3.6855874061584473, 3.6844289302825928, 3.6755599975585938, 3.683074712753296, 3.687342882156372, 3.677776575088501], "validation_loss": [9.47571086883545, 4.643919944763184, 4.663045883178711, 4.6727070808410645, 4.674381256103516, 4.3203535079956055, 4.122175693511963, 4.10347318649292, 4.104623794555664, 4.095760345458984, 3.9977059364318848, 3.9691314697265625, 3.8746018409729004, 3.849797248840332, 3.8527615070343018, 3.85243558883667, 3.851321220397949, 3.8559494018554688, 3.848973035812378, 3.854081392288208], "avg_time_per_iter": 0.011676132202148437}