{"perplexity": 39.08722020749846, "total_params": 19568672, "iters": [0, 50, 100, 150, 200, 250, 300, 350, 400, 450, 500, 550, 600, 650, 700, 750, 800, 850, 900, 950], "training_loss": [9.953201293945312, 5.0782551765441895, 4.530145645141602, 4.494074821472168, 3.9998509883880615, 3.7588555812835693, 3.6505908966064453, 3.5911753177642822, 3.554844379425049, 3.523754358291626, 3.5032479763031006, 3.4959957599639893, 3.4794366359710693, 3.4693546295166016, 3.4581637382507324, 3.4487969875335693, 3.4424867630004883, 3.4416990280151367, 3.440551996231079, 3.4352550506591797], "validation_loss": [9.944165229797363, 5.15019416809082, 4.612380504608154, 4.587822914123535, 4.092100143432617, 3.860430955886841, 3.7860653400421143, 3.734092950820923, 3.7146215438842773, 3.694967031478882, 3.6885814666748047, 3.67057728767395, 3.6639444828033447, 3.665083646774292, 3.6651771068573, 3.661928653717041, 3.6605234146118164, 3.6643455028533936, 3.6657955646514893, 3.652099370956421], "avg_time_per_iter": 0.01200295090675354}