{"perplexity": 42.5710603680158, "total_params": 32621392, "iters": [0, 50, 100, 150, 200, 250, 300, 350, 400, 450, 500, 550, 600, 650, 700, 750, 800, 850, 900, 950], "training_loss": [9.375777244567871, 3.670717716217041, 3.5782251358032227, 3.539717435836792, 3.5173189640045166, 3.5004913806915283, 3.493194818496704, 3.4821090698242188, 3.4627273082733154, 3.4650697708129883, 3.4462192058563232, 3.4393482208251953, 3.4281389713287354, 3.42433500289917, 3.4159913063049316, 3.4199395179748535, 3.4163694381713867, 3.4096856117248535, 3.414076566696167, 3.406614065170288], "validation_loss": [9.368219375610352, 3.822575569152832, 3.7777903079986572, 3.776383399963379, 3.75797963142395, 3.7603261470794678, 3.7441089153289795, 3.753901720046997, 3.744577646255493, 3.7509701251983643, 3.734968900680542, 3.738589286804199, 3.7388195991516113, 3.728243112564087, 3.7511746883392334, 3.7412607669830322, 3.729466438293457, 3.7397592067718506, 3.739353895187378, 3.726442337036133], "avg_time_per_iter": 0.002931757926940918}