{"perplexity": 43.87065776045157, "total_params": 3430088, "iters": [0, 50, 100, 150, 200, 250, 300, 350, 400, 450, 500, 550, 600, 650, 700, 750, 800, 850, 900, 950], "training_loss": [8.742905616760254, 4.442180633544922, 3.929014205932617, 3.8196966648101807, 3.7640697956085205, 3.729336738586426, 3.7085912227630615, 3.684840202331543, 3.67303466796875, 3.6470746994018555, 3.6534202098846436, 3.625807523727417, 3.6280295848846436, 3.618366003036499, 3.6220755577087402, 3.631255865097046, 3.602128505706787, 3.6079399585723877, 3.599851608276367, 3.608121871948242], "validation_loss": [8.738435745239258, 4.479290008544922, 3.990708589553833, 3.915219306945801, 3.865612506866455, 3.8340370655059814, 3.828789710998535, 3.8107049465179443, 3.7960710525512695, 3.8021349906921387, 3.8007194995880127, 3.7861995697021484, 3.7964067459106445, 3.785506010055542, 3.779370069503784, 3.7784204483032227, 3.781245708465576, 3.7733500003814697, 3.77949595451355, 3.785926580429077], "avg_time_per_iter": 0.003356407880783081}