{"perplexity": 41.18115964777053, "total_params": 18085256, "iters": [0, 50, 100, 150, 200, 250, 300, 350, 400, 450, 500, 550, 600, 650, 700, 750, 800, 850, 900, 950], "training_loss": [8.765446662902832, 4.058013916015625, 3.7655467987060547, 3.6779770851135254, 3.649885654449463, 3.6193268299102783, 3.5859081745147705, 3.572511911392212, 3.553581953048706, 3.5458109378814697, 3.5336387157440186, 3.516798734664917, 3.5168590545654297, 3.5206334590911865, 3.505840539932251, 3.4979071617126465, 3.507941961288452, 3.499932050704956, 3.491536855697632, 3.503145694732666], "validation_loss": [8.768404960632324, 4.095948696136475, 3.8525586128234863, 3.8232991695404053, 3.8033199310302734, 3.7807250022888184, 3.764962673187256, 3.745859146118164, 3.7388229370117188, 3.7307050228118896, 3.7334394454956055, 3.7161519527435303, 3.725233793258667, 3.7230563163757324, 3.7197906970977783, 3.7100677490234375, 3.7068428993225098, 3.7179808616638184, 3.7172296047210693, 3.710505723953247], "avg_time_per_iter": 0.006781172513961792}