{"perplexity": 40.156949549284434, "total_params": 21930256, "iters": [0, 50, 100, 150, 200, 250, 300, 350, 400, 450, 500, 550, 600, 650, 700, 750, 800, 850, 900, 950], "training_loss": [9.222552299499512, 3.9368560314178467, 3.6588356494903564, 3.590329647064209, 3.5549023151397705, 3.5310192108154297, 3.5257272720336914, 3.5051403045654297, 3.4948935508728027, 3.5059854984283447, 3.489096164703369, 3.486790657043457, 3.4739584922790527, 3.4734532833099365, 3.460188865661621, 3.4596147537231445, 3.4588727951049805, 3.4553329944610596, 3.4556052684783936, 3.454038143157959], "validation_loss": [9.224935531616211, 4.01988410949707, 3.7915921211242676, 3.7478015422821045, 3.737156629562378, 3.734112024307251, 3.732311964035034, 3.732745409011841, 3.7272634506225586, 3.7232253551483154, 3.72163462638855, 3.714297294616699, 3.7168872356414795, 3.7083208560943604, 3.7149884700775146, 3.713041305541992, 3.699324131011963, 3.702105760574341, 3.692795515060425, 3.6964807510375977], "avg_time_per_iter": 0.006695024967193604}