{"perplexity": 49.95877369355807, "total_params": 32276360, "iters": [0, 50, 100, 150, 200, 250, 300, 350, 400, 450, 500, 550, 600, 650, 700, 750, 800, 850, 900, 950], "training_loss": [8.722604751586914, 4.6402907371521, 4.630243301391602, 4.616033554077148, 4.62204122543335, 4.612977027893066, 4.09593391418457, 4.097677230834961, 4.086482524871826, 4.079174518585205, 4.067540168762207, 3.989673376083374, 3.948704481124878, 3.909679889678955, 3.826763868331909, 3.781744956970215, 3.7837471961975098, 3.786933183670044, 3.779733657836914, 3.772615671157837], "validation_loss": [8.714107513427734, 4.683359146118164, 4.691934585571289, 4.6895060539245605, 4.699117660522461, 4.704690456390381, 4.179444789886475, 4.209477424621582, 4.2058539390563965, 4.181550025939941, 4.178886890411377, 4.0937371253967285, 4.053225517272949, 4.022849082946777, 3.9409847259521484, 3.9172234535217285, 3.9141969680786133, 3.904966115951538, 3.901374578475952, 3.911198139190674], "avg_time_per_iter": 0.01169619655609131}