{"perplexity": 39.743715382116775, "total_params": 18976928, "iters": [0, 50, 100, 150, 200, 250, 300, 350, 400, 450, 500, 550, 600, 650, 700, 750, 800, 850, 900, 950], "training_loss": [10.188021659851074, 3.8795006275177, 3.584137201309204, 3.512007713317871, 3.4688713550567627, 3.4556844234466553, 3.4402859210968018, 3.4298839569091797, 3.4276394844055176, 3.416088819503784, 3.4091379642486572, 3.395192861557007, 3.4037282466888428, 3.4013497829437256, 3.3994851112365723, 3.395195960998535, 3.3966708183288574, 3.3900954723358154, 3.392683982849121, 3.391230583190918], "validation_loss": [10.186367988586426, 3.9671053886413574, 3.7267794609069824, 3.6803762912750244, 3.676107168197632, 3.676320791244507, 3.6766059398651123, 3.666501522064209, 3.672743320465088, 3.686833143234253, 3.6888184547424316, 3.6781411170959473, 3.6801180839538574, 3.6829938888549805, 3.6786251068115234, 3.6824517250061035, 3.675213575363159, 3.6785123348236084, 3.6773645877838135, 3.6751015186309814], "avg_time_per_iter": 0.0029816360473632814}