{"perplexity": 110.86164113354779, "total_params": 125640976, "iters": [0, 50, 100, 150, 200, 250, 300, 350, 400, 450, 500, 550, 600, 650, 700, 750, 800, 850, 900, 950], "training_loss": [9.675701141357422, 4.587005138397217, 4.572841167449951, 4.570536136627197, 4.563453197479248, 4.5657877922058105, 4.562955856323242, 4.562004089355469, 4.560163974761963, 4.54640007019043, 4.553369045257568, 4.554594993591309, 4.553989887237549, 4.545863151550293, 4.549468994140625, 4.547625541687012, 4.543239593505859, 4.543241500854492, 4.544039726257324, 4.541222095489502], "validation_loss": [9.670619010925293, 4.712052822113037, 4.7141900062561035, 4.710025787353516, 4.7086381912231445, 4.7160444259643555, 4.713489055633545, 4.715146064758301, 4.71771764755249, 4.717441558837891, 4.714419841766357, 4.72170877456665, 4.7144365310668945, 4.717900276184082, 4.715480804443359, 4.72154426574707, 4.715402126312256, 4.709412097930908, 4.715674877166748, 4.708282947540283], "avg_time_per_iter": 0.011612175464630127}