{"perplexity": 41.26184727445637, "total_params": 14834704, "iters": [0, 50, 100, 150, 200, 250, 300, 350, 400, 450, 500, 550, 600, 650, 700, 750, 800, 850, 900, 950], "training_loss": [9.45620346069336, 3.909132719039917, 3.6446523666381836, 3.5850231647491455, 3.5591681003570557, 3.530914068222046, 3.5245492458343506, 3.5118660926818848, 3.511676549911499, 3.4964935779571533, 3.494457721710205, 3.487887382507324, 3.4781064987182617, 3.4819729328155518, 3.473468542098999, 3.467968225479126, 3.474911689758301, 3.46852970123291, 3.4675512313842773, 3.468794584274292], "validation_loss": [9.449542999267578, 3.991379499435425, 3.7794246673583984, 3.776273488998413, 3.7640035152435303, 3.7438876628875732, 3.7402431964874268, 3.7320053577423096, 3.731513261795044, 3.7374181747436523, 3.732527494430542, 3.74100399017334, 3.718756675720215, 3.719938278198242, 3.7261712551116943, 3.7352564334869385, 3.727797269821167, 3.7272467613220215, 3.718489646911621, 3.7149457931518555], "avg_time_per_iter": 0.004196102142333984}