{"perplexity": 41.01991514203296, "total_params": 9796624, "iters": [0, 50, 100, 150, 200, 250, 300, 350, 400, 450, 500, 550, 600, 650, 700, 750, 800, 850, 900, 950], "training_loss": [9.292490005493164, 4.734759330749512, 3.9701318740844727, 3.7421722412109375, 3.6520583629608154, 3.595330238342285, 3.5775063037872314, 3.552499294281006, 3.5341427326202393, 3.5283257961273193, 3.521991014480591, 3.5079336166381836, 3.5094268321990967, 3.503509283065796, 3.4989187717437744, 3.4940478801727295, 3.5044665336608887, 3.501100778579712, 3.4871506690979004, 3.4916927814483643], "validation_loss": [9.299960136413574, 4.787660598754883, 4.045490264892578, 3.8575971126556396, 3.796113967895508, 3.765521764755249, 3.7457058429718018, 3.7433557510375977, 3.7362401485443115, 3.7477591037750244, 3.7327044010162354, 3.724691152572632, 3.733394145965576, 3.728639602661133, 3.7221791744232178, 3.7118499279022217, 3.714057683944702, 3.7150347232818604, 3.7022435665130615, 3.7159860134124756], "avg_time_per_iter": 0.006847555875778198}