{"perplexity": 593.1320550537109, "iters": [0, 100, 200, 300, 400], "training_loss": [10.959059715270996, 6.638007640838623, 6.504524230957031, 6.242329120635986, 6.1484832763671875], "validation_loss": [10.952527046203613, 6.814510345458984, 6.721395969390869, 6.46331262588501, 6.368702411651611]}