{"perplexity": 110.33035601806641, "iters": [0, 100, 200, 300, 400], "training_loss": [7.516026020050049, 4.676766872406006, 4.674640655517578, 4.663856029510498, 4.654942035675049], "validation_loss": [7.514990329742432, 4.703740119934082, 4.707544326782227, 4.697795391082764, 4.692931652069092]}