{"perplexity": 817.9515972290039, "iters": [0, 100, 200, 300, 400], "training_loss": [10.97695541381836, 6.61338472366333, 6.524812698364258, 6.476550579071045, 6.431651592254639], "validation_loss": [10.991272926330566, 6.851512908935547, 6.786670684814453, 6.698228359222412, 6.685916423797607]}