{"perplexity": 57.12426776123047, "iters": [0, 100, 200, 300, 400], "training_loss": [7.504359245300293, 4.694371700286865, 4.220109462738037, 4.023055076599121, 3.979532480239868], "validation_loss": [7.50037145614624, 4.7125163078308105, 4.258050441741943, 4.074229717254639, 4.028890609741211]}