{"perplexity": 111.19700761413574, "iters": [0, 100, 200, 300, 400], "training_loss": [7.671110153198242, 4.676279067993164, 4.6794233322143555, 4.658636093139648, 4.656717300415039], "validation_loss": [7.670259952545166, 4.714384078979492, 4.717750072479248, 4.713288307189941, 4.705871105194092]}