{"perplexity": 4258.646501464844, "iters": [0, 100, 200, 300, 400], "training_loss": [10.940679550170898, 9.802391052246094, 8.978588104248047, 8.494949340820312, 8.296504020690918], "validation_loss": [10.939531326293945, 9.82127571105957, 9.025208473205566, 8.560996055603027, 8.38106918334961]}