{"perplexity": 47.3099429473877, "iters": [0, 100, 200, 300, 400], "training_loss": [7.575789928436279, 4.142787933349609, 3.864337205886841, 3.785614252090454, 3.7458090782165527], "validation_loss": [7.571862697601318, 4.189062595367432, 3.9379217624664307, 3.8826000690460205, 3.8491291999816895]}