{"perplexity": 116.81338621520996, "iters": [0, 100, 200, 300, 400], "training_loss": [7.400840759277344, 5.276605129241943, 4.84978723526001, 4.743259906768799, 4.720449924468994], "validation_loss": [7.399740219116211, 5.311520099639893, 4.889129161834717, 4.76722526550293, 4.7386064529418945]}