{"perplexity": 1222.3774044189454, "iters": [0, 100, 200, 300, 400], "training_loss": [11.062713623046875, 8.987198829650879, 7.723607063293457, 7.164639949798584, 6.989456653594971], "validation_loss": [11.083300590515137, 9.027721405029297, 7.808939456939697, 7.268841743469238, 7.108669757843018]}