{"perplexity": 67.6012932510376, "iters": [0, 100, 200, 300, 400], "training_loss": [7.554784774780273, 4.805313587188721, 4.333599090576172, 4.210139751434326, 4.153261184692383], "validation_loss": [7.550055980682373, 4.828409194946289, 4.372498989105225, 4.233068943023682, 4.196881294250488]}