{"perplexity": 111.67079067993164, "iters": [0, 100, 200, 300, 400], "training_loss": [7.325374126434326, 4.699995994567871, 4.674191474914551, 4.671387672424316, 4.6582722663879395], "validation_loss": [7.32237434387207, 4.741686820983887, 4.729559898376465, 4.7215070724487305, 4.719351291656494]}