{"perplexity": 54.68465682983398, "iters": [0, 100, 200, 300, 400], "training_loss": [7.4766316413879395, 4.164102077484131, 4.067208766937256, 3.9531445503234863, 3.9214835166931152], "validation_loss": [7.480247974395752, 4.219645977020264, 4.154990196228027, 4.049073696136475, 4.026210308074951]}