{"perplexity": 95.01834649658203, "iters": [0, 100, 200, 300, 400], "training_loss": [7.540032386779785, 5.398462295532227, 4.783322811126709, 4.579437732696533, 4.502662181854248], "validation_loss": [7.542469024658203, 5.424958229064941, 4.799025058746338, 4.608736515045166, 4.5242085456848145]}