{"perplexity": 518.052248046875, "iters": [0, 100, 200, 300, 400], "training_loss": [11.036824226379395, 6.513851642608643, 6.124246597290039, 6.012798309326172, 5.963050842285156], "validation_loss": [11.042478561401367, 6.69058084487915, 6.354528903961182, 6.2586822509765625, 6.23614501953125]}