{"perplexity": 1072.796962524414, "iters": [0, 100, 200, 300, 400], "training_loss": [10.931863784790039, 8.834515571594238, 7.5554938316345215, 7.018428325653076, 6.847896575927734], "validation_loss": [10.92768383026123, 8.880142211914062, 7.647706031799316, 7.1548004150390625, 6.987874507904053]}