{"perplexity": 149.37357621765136, "iters": [0, 100, 200, 300, 400], "training_loss": [7.261440277099609, 5.9310622215271, 5.408235549926758, 5.098607063293457, 4.994204044342041], "validation_loss": [7.2726216316223145, 5.944118976593018, 5.424615383148193, 5.11346435546875, 5.0047760009765625]}