{"perplexity": 762.522635131836, "iters": [0, 100, 200, 300, 400], "training_loss": [11.009991645812988, 6.516326427459717, 6.4474778175354, 6.407212734222412, 6.395968914031982], "validation_loss": [11.000699043273926, 6.696150302886963, 6.68142557144165, 6.657617092132568, 6.6293439865112305]}