{"perplexity": 109.82293495178223, "iters": [0, 100, 200, 300, 400], "training_loss": [7.36063814163208, 4.7996063232421875, 4.6791791915893555, 4.665437698364258, 4.663059711456299], "validation_loss": [7.354132652282715, 4.820442199707031, 4.697869777679443, 4.687448501586914, 4.682504177093506]}