{"perplexity": 250.0172562866211, "iters": [0, 100, 200, 300, 400, 500, 600, 700, 800, 900], "training_loss": [11.0358247756958, 6.233925819396973, 5.873347282409668, 5.489375591278076, 5.215622901916504, 5.067665100097656, 4.969720363616943, 4.897926330566406, 4.86297082901001, 4.854878902435303], "validation_loss": [11.047420501708984, 6.429666996002197, 6.1400580406188965, 5.893174171447754, 5.718726634979248, 5.60213565826416, 5.5514912605285645, 5.503624439239502, 5.502039909362793, 5.4857001304626465]}