{"perplexity": 164.9851590270996, "iters": [0, 100, 200, 300, 400], "training_loss": [7.641880512237549, 5.8694329261779785, 5.399603843688965, 5.163884162902832, 5.081258773803711], "validation_loss": [7.643040180206299, 5.89287805557251, 5.424626350402832, 5.196298599243164, 5.1045756340026855]}