{"perplexity": 177.77010290527343, "iters": [0, 100, 200, 300, 400], "training_loss": [7.48389196395874, 6.112810134887695, 5.578309535980225, 5.281867980957031, 5.1621809005737305], "validation_loss": [7.480242729187012, 6.1221795082092285, 5.5828070640563965, 5.293437957763672, 5.177286624908447]}