{"perplexity": 772.538337890625, "iters": [0, 100, 200, 300, 400], "training_loss": [11.042237281799316, 6.523542404174805, 6.447197437286377, 6.406129360198975, 6.39262056350708], "validation_loss": [11.030858993530273, 6.723703384399414, 6.691458225250244, 6.669520378112793, 6.651600360870361]}