{"perplexity": 113.09856172180176, "iters": [0, 100, 200, 300, 400], "training_loss": [7.3453593254089355, 4.688360691070557, 4.672697067260742, 4.672500133514404, 4.667860984802246], "validation_loss": [7.3428730964660645, 4.717065334320068, 4.7070722579956055, 4.716797351837158, 4.70527982711792]}