{"perplexity": 112.214583984375, "iters": [0, 100, 200, 300, 400], "training_loss": [7.413522243499756, 4.700974941253662, 4.687137126922607, 4.662732124328613, 4.663422584533691], "validation_loss": [7.418824672698975, 4.735132694244385, 4.719769477844238, 4.734447002410889, 4.7305588722229]}