{"perplexity": 616.1915677490234, "iters": [0, 100, 200, 300, 400], "training_loss": [11.0814847946167, 6.69602632522583, 6.41519021987915, 6.22516393661499, 6.189651012420654], "validation_loss": [11.096097946166992, 6.848037242889404, 6.59441614151001, 6.458937168121338, 6.4147047996521]}