{"perplexity": 1180.354035888672, "iters": [0, 100, 200, 300, 400], "training_loss": [10.94965934753418, 9.009899139404297, 7.737336158752441, 7.134413242340088, 6.960412979125977], "validation_loss": [10.940914154052734, 9.021047592163086, 7.8246355056762695, 7.245513439178467, 7.066678047180176]}