{"perplexity": 4305.121535644531, "iters": [0, 100, 200, 300, 400], "training_loss": [11.063020706176758, 9.826689720153809, 9.013514518737793, 8.521693229675293, 8.3264741897583], "validation_loss": [11.072966575622559, 9.835665702819824, 9.048971176147461, 8.574308395385742, 8.388995170593262]}