{"perplexity": 788.9852302856445, "iters": [0, 100, 200, 300, 400], "training_loss": [11.024323463439941, 7.584892749786377, 6.680926322937012, 6.5234222412109375, 6.499309062957764], "validation_loss": [11.021322250366211, 7.665602684020996, 6.815366268157959, 6.678968906402588, 6.670506000518799]}