{"perplexity": 115.72378059387206, "iters": [0, 100, 200, 300, 400], "training_loss": [7.3023200035095215, 5.366044998168945, 4.878392219543457, 4.753360271453857, 4.724371910095215], "validation_loss": [7.303337097167969, 5.385838508605957, 4.90595817565918, 4.774919033050537, 4.748730659484863]}