{"perplexity": 750.6817770385742, "iters": [0, 100, 200, 300, 400], "training_loss": [10.933828353881836, 6.578671455383301, 6.440798282623291, 6.419978618621826, 6.403256893157959], "validation_loss": [10.937386512756348, 6.713824272155762, 6.634045124053955, 6.6140666007995605, 6.622248649597168]}