{"perplexity": 1141.492344116211, "iters": [0, 100, 200, 300, 400], "training_loss": [11.082728385925293, 8.872937202453613, 7.603648662567139, 7.06323766708374, 6.9030351638793945], "validation_loss": [11.098884582519531, 8.928601264953613, 7.712339878082275, 7.20891809463501, 7.051426410675049]}