{"perplexity": 49.51983924484253, "iters": [0, 100, 200, 300, 400], "training_loss": [7.746280670166016, 4.160055160522461, 3.9167497158050537, 3.845566511154175, 3.812206745147705], "validation_loss": [7.746914863586426, 4.203935623168945, 3.997774124145508, 3.936880350112915, 3.901825189590454]}