{"perplexity": 4304.5398852539065, "iters": [0, 100, 200, 300, 400], "training_loss": [10.976813316345215, 9.786197662353516, 8.992692947387695, 8.507318496704102, 8.312378883361816], "validation_loss": [10.977757453918457, 9.799960136413574, 9.046710014343262, 8.576391220092773, 8.385207176208496]}