{"perplexity": 111.02353042602539, "iters": [0, 100, 200, 300, 400], "training_loss": [7.2857537269592285, 4.80029296875, 4.68380069732666, 4.67949914932251, 4.666317939758301], "validation_loss": [7.287455081939697, 4.827271938323975, 4.70716667175293, 4.696671962738037, 4.686155796051025]}