{"perplexity": 51.50225615692138, "iters": [0, 100, 200, 300, 400], "training_loss": [7.678163051605225, 4.370532035827637, 4.030936241149902, 3.907243013381958, 3.8621363639831543], "validation_loss": [7.660999298095703, 4.400090217590332, 4.0862531661987305, 3.9606494903564453, 3.9415721893310547]}