{"perplexity": 754.8323380737305, "iters": [0, 100, 200, 300, 400], "training_loss": [11.064302444458008, 7.505642890930176, 6.583588123321533, 6.4638214111328125, 6.427246570587158], "validation_loss": [11.063563346862793, 7.604832172393799, 6.753737449645996, 6.642200946807861, 6.623381614685059]}