{"perplexity": 61.99333563232422, "iters": [0, 100, 200, 300, 400], "training_loss": [7.722025394439697, 4.772186756134033, 4.277679920196533, 4.141888618469238, 4.069335460662842], "validation_loss": [7.713912487030029, 4.795547962188721, 4.302630424499512, 4.176723480224609, 4.120889663696289]}