{"perplexity": 43.00462238311768, "iters": [0, 100, 200, 300, 400, 500, 600, 700, 800, 900], "training_loss": [8.306886672973633, 4.021763801574707, 3.81786847114563, 3.7302820682525635, 3.6748383045196533, 3.6429998874664307, 3.6224799156188965, 3.6099092960357666, 3.60147762298584, 3.59858775138855], "validation_loss": [8.301407814025879, 4.061081409454346, 3.8896381855010986, 3.8261847496032715, 3.796271562576294, 3.776329755783081, 3.757927179336548, 3.753688097000122, 3.7451441287994385, 3.7466282844543457]}