{"perplexity": 796.8485747070313, "iters": [0, 100, 200, 300, 400], "training_loss": [10.975259780883789, 6.622746467590332, 6.527196884155273, 6.453793048858643, 6.452244281768799], "validation_loss": [10.979280471801758, 6.819703102111816, 6.718850135803223, 6.712723731994629, 6.674943923950195]}