{"perplexity": 71.58035806274414, "iters": [0, 100, 200, 300, 400], "training_loss": [7.362110137939453, 4.397018909454346, 4.252969264984131, 4.214552879333496, 4.19499397277832], "validation_loss": [7.363983631134033, 4.455136775970459, 4.324195861816406, 4.288760185241699, 4.27682638168335]}