{"perplexity": 656.1830330200195, "iters": [0, 100, 200, 300, 400], "training_loss": [10.977579116821289, 7.482128143310547, 6.521381378173828, 6.345026969909668, 6.278415203094482], "validation_loss": [10.982385635375977, 7.557628631591797, 6.674114227294922, 6.50800085067749, 6.4701433181762695]}