{"perplexity": 804.9040903930664, "iters": [0, 100, 200, 300, 400], "training_loss": [10.960980415344238, 6.698268890380859, 6.514042377471924, 6.455778121948242, 6.462191104888916], "validation_loss": [10.965127944946289, 6.8447771072387695, 6.719407081604004, 6.677048206329346, 6.688477516174316]}