{"perplexity": 112.74237274169921, "iters": [0, 100, 200, 300, 400], "training_loss": [7.369887828826904, 4.718230247497559, 4.690049171447754, 4.680734634399414, 4.6559600830078125], "validation_loss": [7.372910976409912, 4.753388404846191, 4.735023021697998, 4.730652332305908, 4.7113823890686035]}