{"perplexity": 772.2942377929687, "iters": [0, 100, 200, 300, 400], "training_loss": [11.037615776062012, 6.522107124328613, 6.457318305969238, 6.414798736572266, 6.389791011810303], "validation_loss": [11.040826797485352, 6.751498222351074, 6.691092014312744, 6.654460906982422, 6.660935878753662]}