{"perplexity": 505.03931909179687, "iters": [0, 100, 200, 300, 400], "training_loss": [10.995763778686523, 6.453619956970215, 6.17203426361084, 6.054967403411865, 5.980695724487305], "validation_loss": [10.993020057678223, 6.607280731201172, 6.357806205749512, 6.278864860534668, 6.214286804199219]}