{"perplexity": 804.9115924682617, "iters": [0, 100, 200, 300, 400], "training_loss": [11.016250610351562, 6.614790439605713, 6.521787166595459, 6.4698920249938965, 6.4455342292785645], "validation_loss": [11.011133193969727, 6.852781772613525, 6.7440314292907715, 6.687695503234863, 6.6779279708862305]}