{"perplexity": 81.88595696258545, "iters": [0, 100, 200, 300, 400], "training_loss": [7.583502292633057, 5.293551921844482, 4.659785270690918, 4.4400105476379395, 4.364463806152344], "validation_loss": [7.584368705749512, 5.328488349914551, 4.682502746582031, 4.472627639770508, 4.400186538696289]}