{"perplexity": 619.1100606079101, "iters": [0, 100, 200, 300, 400], "training_loss": [10.881972312927246, 7.430544376373291, 6.435062408447266, 6.258960247039795, 6.221726894378662], "validation_loss": [10.886530876159668, 7.519247055053711, 6.589256763458252, 6.453866481781006, 6.418839931488037]}