{"perplexity": 4229.58528515625, "iters": [0, 100, 200, 300, 400], "training_loss": [11.028371810913086, 9.780858039855957, 8.984437942504883, 8.493117332458496, 8.292409896850586], "validation_loss": [11.027388572692871, 9.800708770751953, 9.010838508605957, 8.540704727172852, 8.352054595947266]}