{"perplexity": 188.25302517700194, "iters": [0, 100, 200, 300, 400], "training_loss": [7.519079685211182, 6.060662269592285, 5.587909698486328, 5.322091579437256, 5.210449695587158], "validation_loss": [7.515042304992676, 6.076940536499023, 5.613728046417236, 5.340033531188965, 5.241365432739258]}